Cycle start time,Cycle end time,Cycle timezone,Sleep onset,Wake onset,Sleep performance %,Respiratory rate (rpm),Asleep duration (min),In bed duration (min),Light sleep duration (min),Deep (SWS) duration (min),REM duration (min),Awake duration (min),Sleep need (min),Sleep debt (min),Sleep efficiency %,Sleep consistency %,Nap
2026-07-16 00:33:22,,UTC+02:00,2026-07-16 00:33:22,2026-07-16 09:08:54,80,14.9,485,515,254,147,84,30,589,68,94,62,false
2026-07-14 23:38:48,2026-07-16 00:33:22,UTC+02:00,2026-07-14 23:38:48,2026-07-15 08:29:20,79,14.7,513,530,259,173,81,17,619,126,96,59,false
2026-07-13 23:31:17,2026-07-14 23:38:48,UTC+02:00,2026-07-13 23:31:17,2026-07-14 05:59:48,73,14.8,383,388,201,138,44,5,579,83,98,50,false
2026-07-12 23:44:45,2026-07-13 23:31:17,UTC+02:00,2026-07-12 23:44:45,2026-07-13 06:18:13,73,14.4,389,393,168,163,58,4,519,127,98,37,false
2026-07-12 05:53:44,2026-07-12 23:44:45,UTC+02:00,2026-07-12 15:40:45,2026-07-12 17:04:45,19,17.3,83,84,35,48,0,1,602,127,99,,true
2026-07-12 05:53:44,2026-07-12 23:44:45,UTC+02:00,2026-07-12 05:53:44,2026-07-12 08:59:45,14,16.5,178,186,58,85,35,8,568,74,95,38,false
2026-07-11 01:10:42,2026-07-12 05:53:44,UTC+02:00,2026-07-11 01:10:42,2026-07-11 09:01:14,81,14.1,453,470,210,172,71,17,568,65,96,67,false
2026-07-09 23:35:01,2026-07-11 01:10:42,UTC+02:00,2026-07-09 23:35:01,2026-07-10 08:39:03,80,14.2,535,544,308,130,97,9,637,126,98,62,false
2026-07-09 00:13:58,2026-07-09 23:35:01,UTC+02:00,2026-07-09 00:13:58,2026-07-09 05:54:11,68,15.6,331,340,140,145,46,9,585,110,97,63,false
2026-07-08 01:16:19,2026-07-09 00:13:58,UTC+02:00,2026-07-08 01:16:19,2026-07-08 05:32:20,60,15.5,252,256,118,104,30,4,473,0,98,49,false
2026-07-06 23:52:17,2026-07-08 01:16:19,UTC+02:00,2026-07-06 23:52:17,2026-07-07 09:53:49,86,15.2,585,601,399,131,55,16,548,70,97,71,false
2026-07-06 02:39:45,2026-07-06 23:52:17,UTC+02:00,2026-07-06 02:39:45,2026-07-06 08:34:45,79,15.9,333,355,176,98,59,22,474,0,94,68,false
2026-07-05 01:34:13,2026-07-06 02:39:45,UTC+02:00,2026-07-05 01:34:13,2026-07-05 09:46:03,88,14.7,474,491,301,99,74,17,474,0,96,74,false
2026-07-04 00:41:11,2026-07-05 01:34:13,UTC+02:00,2026-07-04 00:41:11,2026-07-04 09:18:12,89,15.0,499,517,281,131,87,18,475,0,96,75,false
2026-07-03 00:08:26,2026-07-04 00:41:11,UTC+02:00,2026-07-03 00:08:26,2026-07-03 09:41:58,85,14.7,554,573,328,155,71,19,505,28,96,67,false
2026-07-01 22:57:24,2026-07-03 00:08:26,UTC+02:00,2026-07-01 22:57:24,2026-07-02 08:29:24,81,14.7,558,571,277,123,158,13,602,127,97,59,false
2026-07-01 01:52:06,2026-07-01 22:57:24,UTC+02:00,2026-07-01 01:52:06,2026-07-01 05:45:37,47,14.9,228,233,101,127,0,5,543,34,97,74,false
2026-06-30 00:34:04,2026-07-01 01:52:06,UTC+02:00,2026-06-30 00:34:04,2026-06-30 09:15:32,87,15.3,499,521,307,152,40,22,553,65,95,79,false
2026-06-29 00:58:02,2026-06-30 00:34:04,UTC+02:00,2026-06-29 00:58:02,2026-06-29 09:27:45,82,14.6,482,509,268,132,82,27,583,71,94,69,false
2026-06-27 23:29:00,2026-06-29 00:58:02,UTC+02:00,2026-06-27 23:29:00,2026-06-28 07:55:01,84,14.8,497,506,252,151,94,9,607,112,98,77,false
2026-06-27 01:48:58,2026-06-27 23:29:00,UTC+02:00,2026-06-27 01:48:58,2026-06-27 07:09:58,70,15.1,307,321,132,116,59,14,533,27,95,67,false
2026-06-25 23:45:56,2026-06-27 01:48:58,UTC+02:00,2026-06-25 23:45:56,2026-06-26 09:00:26,86,15.3,515,554,277,152,86,39,559,60,92,76,false
2026-06-25 00:18:24,2026-06-25 23:45:56,UTC+02:00,2026-06-25 00:18:24,2026-06-25 07:56:24,85,14.2,443,458,232,111,100,15,536,59,96,79,false
2026-06-23 23:00:52,2026-06-25 00:18:24,UTC+02:00,2026-06-23 23:00:52,2026-06-24 07:39:53,81,14.7,506,519,295,129,82,13,597,92,97,65,false
2026-06-23 00:53:50,2026-06-23 23:00:52,UTC+02:00,2026-06-23 00:53:50,2026-06-23 07:09:04,78,14.9,369,375,163,132,74,6,513,29,98,61,false
2026-06-21 23:35:17,2026-06-23 00:53:50,UTC+02:00,2026-06-21 23:35:17,2026-06-22 07:00:06,78,15.1,429,444,255,116,58,15,475,0,96,48,false
2026-06-20 23:44:15,2026-06-21 23:35:17,UTC+02:00,2026-06-20 23:44:15,2026-06-21 10:05:03,81,15.3,608,620,363,141,104,12,602,127,97,50,false
2026-06-20 04:48:13,2026-06-20 23:44:15,UTC+02:00,2026-06-20 04:48:13,2026-06-20 10:59:44,56,15.8,348,371,196,101,51,23,605,110,94,35,false
2026-06-19 02:02:12,2026-06-20 04:48:13,UTC+02:00,2026-06-19 02:02:12,2026-06-19 08:42:24,74,15.6,373,400,173,142,58,27,593,87,93,63,false
2026-06-18 00:42:40,2026-06-19 02:02:12,UTC+02:00,2026-06-18 00:42:40,2026-06-18 07:49:41,82,14.6,415,427,219,124,72,12,551,42,97,75,false
2026-06-16 23:53:07,2026-06-18 00:42:40,UTC+02:00,2026-06-16 23:53:07,2026-06-17 08:07:29,83,14.3,475,494,212,157,106,19,542,57,96,71,false
2026-06-15 22:51:35,2026-06-16 23:53:07,UTC+02:00,2026-06-15 22:51:35,2026-06-16 05:44:36,76,14.4,393,413,242,116,35,20,482,58,95,42,false
2026-06-15 00:30:33,2026-06-15 22:51:35,UTC+02:00,2026-06-15 13:26:34,2026-06-15 14:25:51,26,17.5,57,59,18,34,5,2,532,58,96,,true
2026-06-15 00:30:33,2026-06-15 22:51:35,UTC+02:00,2026-06-15 00:30:33,2026-06-15 07:59:57,83,14.8,434,449,239,133,62,15,526,49,96,75,false
2026-06-14 00:23:01,2026-06-15 00:30:33,UTC+02:00,2026-06-14 00:23:01,2026-06-14 08:30:33,82,14.2,461,487,238,138,85,26,538,61,94,69,false
2026-06-13 02:16:59,2026-06-14 00:23:01,UTC+02:00,2026-06-13 02:16:59,2026-06-13 09:33:08,78,14.8,414,436,216,114,84,22,509,3,94,54,false
2026-06-12 00:00:57,2026-06-13 02:16:59,UTC+02:00,2026-06-12 00:00:57,2026-06-12 10:41:59,81,14.5,616,641,378,148,90,25,621,115,96,54,false
2026-06-11 00:07:08,2026-06-12 00:00:57,UTC+02:00,2026-06-11 00:07:08,2026-06-11 05:44:20,73,15.1,328,337,158,137,33,9,507,0,97,53,false
2026-06-10 00:41:36,2026-06-11 00:07:08,UTC+02:00,2026-06-10 00:41:36,2026-06-10 09:59:35,79,14.3,532,557,265,146,121,25,514,36,95,41,false
2026-06-08 21:59:52,2026-06-10 00:41:36,UTC+02:00,2026-06-08 21:59:52,2026-06-09 05:59:44,76,14.2,467,479,246,156,65,12,523,43,97,36,false
2026-06-07 23:12:20,2026-06-08 21:59:52,UTC+02:00,2026-06-07 23:12:20,2026-06-08 07:00:22,76,14.7,450,468,234,161,55,18,517,127,96,37,false
2026-06-07 07:07:49,2026-06-07 23:12:20,UTC+02:00,2026-06-07 11:24:20,2026-06-07 12:56:41,19,16.3,89,92,29,50,10,3,602,127,99,,true
2026-06-07 07:07:49,2026-06-07 23:12:20,UTC+02:00,2026-06-07 07:07:49,2026-06-07 09:10:26,12,17.3,117,122,48,50,19,5,578,48,95,35,false
2026-06-06 01:27:16,2026-06-07 07:07:49,UTC+02:00,2026-06-06 01:27:16,2026-06-06 09:16:47,82,14.8,459,469,228,137,94,10,535,33,97,68,false
2026-06-05 00:22:44,2026-06-06 01:27:16,UTC+02:00,2026-06-05 00:22:44,2026-06-05 08:59:17,83,14.7,497,516,197,175,125,19,549,71,96,68,false
2026-06-03 23:15:42,2026-06-05 00:22:44,UTC+02:00,2026-06-03 23:15:42,2026-06-04 06:44:54,80,15.3,435,449,217,154,64,14,546,68,96,63,false
2026-06-03 00:52:41,2026-06-03 23:15:42,UTC+02:00,2026-06-03 00:52:41,2026-06-03 08:02:42,79,14.6,409,430,150,157,102,21,546,56,95,65,false
2026-06-01 23:30:09,2026-06-03 00:52:41,UTC+02:00,2026-06-01 23:30:09,2026-06-02 05:59:42,76,14.7,386,389,234,117,35,3,499,0,99,49,false
2026-06-01 00:15:06,2026-06-01 23:30:09,UTC+02:00,2026-06-01 00:15:06,2026-06-01 08:59:38,80,14.8,461,524,269,141,51,63,437,112,88,53,false
2026-05-31 01:59:04,2026-06-01 00:15:06,UTC+02:00,2026-05-31 12:44:36,2026-05-31 15:15:38,26,16.8,150,151,69,56,25,1,587,112,99,,true
2026-05-31 01:59:04,2026-06-01 00:15:06,UTC+02:00,2026-05-31 01:59:04,2026-05-31 09:14:48,78,16.1,416,435,184,116,116,19,642,101,95,74,false
2026-05-30 01:13:01,2026-05-31 01:59:04,UTC+02:00,2026-05-30 01:13:01,2026-05-30 07:35:34,80,14.4,373,382,155,130,88,9,575,89,97,82,false
2026-05-29 00:17:29,2026-05-30 01:13:01,UTC+02:00,2026-05-29 00:17:29,2026-05-29 07:49:25,83,14.9,438,451,222,140,76,13,576,71,97,79,false
2026-05-28 01:49:58,2026-05-29 00:17:29,UTC+02:00,2026-05-28 01:49:58,2026-05-28 08:59:52,79,15.3,416,429,189,130,97,13,559,83,96,66,false
2026-05-27 00:25:56,2026-05-28 01:49:58,UTC+02:00,2026-05-27 00:25:56,2026-05-27 08:48:57,81,15.4,484,503,220,160,104,19,614,111,96,69,false
2026-05-26 00:47:54,2026-05-27 00:25:56,UTC+02:00,2026-05-26 00:47:54,2026-05-26 06:56:25,73,15.8,357,368,180,132,45,11,579,57,97,65,false
2026-05-25 00:06:53,2026-05-26 00:47:54,UTC+02:00,2026-05-25 00:06:53,2026-05-25 06:44:20,78,15.4,368,397,212,93,63,29,482,0,92,59,false
2026-05-23 19:36:18,2026-05-25 00:06:53,UTC+02:00,2026-05-23 19:36:18,2026-05-24 08:29:06,81,14.6,747,772,461,162,124,25,483,8,96,52,false
2026-05-22 23:50:17,2026-05-23 19:36:18,UTC+02:00,2026-05-22 23:50:17,2026-05-23 08:22:48,89,15.5,495,512,242,138,115,17,508,32,96,78,false
2026-05-21 23:28:26,2026-05-22 23:50:17,UTC+02:00,2026-05-21 23:28:26,2026-05-22 08:44:55,83,14.8,537,556,271,157,109,19,588,87,96,68,false
2026-05-20 22:46:55,2026-05-21 23:28:26,UTC+02:00,2026-05-20 22:46:55,2026-05-21 06:04:26,78,15.2,422,437,212,144,66,15,597,102,96,63,false
2026-05-20 00:32:23,2026-05-20 22:46:55,UTC+02:00,2026-05-20 00:32:23,2026-05-20 08:48:50,81,14.5,471,496,253,135,83,25,631,120,94,71,false
2026-05-19 00:36:51,2026-05-20 00:32:23,UTC+02:00,2026-05-19 00:36:51,2026-05-19 05:54:15,68,15.1,304,317,149,130,25,13,546,36,96,68,false
2026-05-17 23:14:19,2026-05-19 00:36:51,UTC+02:00,2026-05-17 23:14:19,2026-05-18 06:24:23,79,15.2,420,430,227,117,76,10,493,15,97,55,false
2026-05-17 00:34:43,2026-05-17 23:14:19,UTC+02:00,2026-05-17 00:34:43,2026-05-17 09:45:27,85,14.6,518,550,249,152,117,32,542,54,94,69,false
2026-05-16 00:23:41,2026-05-17 00:34:43,UTC+02:00,2026-05-16 00:23:41,2026-05-16 08:41:48,82,14.2,486,498,252,159,75,12,571,81,97,69,false
2026-05-15 00:58:39,2026-05-16 00:23:41,UTC+02:00,2026-05-15 00:58:39,2026-05-15 08:19:33,77,15.4,430,440,205,138,87,10,594,111,97,58,false
2026-05-13 22:29:37,2026-05-15 00:58:39,UTC+02:00,2026-05-13 22:29:37,2026-05-14 05:55:31,81,15.2,434,445,210,147,77,11,608,127,97,77,false
2026-05-12 23:41:05,2026-05-13 22:29:37,UTC+02:00,2026-05-12 23:41:05,2026-05-13 06:44:19,82,14.6,403,423,232,125,46,20,602,114,95,86,false
2026-05-11 23:53:04,2026-05-12 23:41:05,UTC+02:00,2026-05-11 23:53:04,2026-05-12 05:56:17,76,14.5,354,363,157,160,37,9,583,72,97,82,false
2026-05-10 23:41:56,2026-05-11 23:53:04,UTC+02:00,2026-05-10 23:41:56,2026-05-11 06:09:27,81,15.1,383,387,133,143,107,4,528,51,98,73,false
2026-05-09 23:50:24,2026-05-10 23:41:56,UTC+02:00,2026-05-09 23:50:24,2026-05-10 07:59:52,81,15.7,472,489,244,122,106,17,576,80,96,68,false
2026-05-09 00:20:52,2026-05-09 23:50:24,UTC+02:00,2026-05-09 00:20:52,2026-05-09 06:00:53,78,15.5,336,340,129,161,46,4,497,0,98,67,false
2026-05-08 00:43:50,2026-05-09 00:20:52,UTC+02:00,2026-05-08 00:43:50,2026-05-08 10:19:52,80,14.8,554,576,351,132,71,22,555,93,96,48,false
2026-05-06 23:22:14,2026-05-08 00:43:50,UTC+02:00,2026-05-07 17:20:00,2026-05-07 17:50:00,26,19.4,30,30,19,11,0,0,584,93,100,,true
2026-05-06 23:22:14,2026-05-08 00:43:50,UTC+02:00,2026-05-06 23:22:14,2026-05-07 05:56:18,79,15.1,386,394,192,152,42,8,573,81,98,74,false
2026-05-06 00:23:37,2026-05-06 23:22:14,UTC+02:00,2026-05-06 00:23:37,2026-05-06 07:29:09,83,14.9,415,425,182,147,86,10,578,90,97,81,false
2026-05-04 23:50:06,2026-05-06 00:23:37,UTC+02:00,2026-05-04 23:50:06,2026-05-05 05:59:37,77,15.3,365,369,186,125,54,4,547,33,98,65,false
2026-05-04 00:07:34,2026-05-04 23:50:06,UTC+02:00,2026-05-04 00:07:34,2026-05-04 08:09:35,88,14.8,457,482,214,163,80,25,509,26,94,82,false
2026-05-03 00:37:02,2026-05-04 00:07:34,UTC+02:00,2026-05-03 00:37:02,2026-05-03 08:29:33,90,14.4,454,472,235,135,84,18,495,19,96,83,false
2026-05-02 00:24:30,2026-05-03 00:37:02,UTC+02:00,2026-05-02 00:24:30,2026-05-02 09:52:53,84,14.4,556,568,267,172,117,12,595,101,97,70,false
2026-05-01 00:56:28,2026-05-02 00:24:30,UTC+02:00,2026-05-01 00:56:28,2026-05-01 06:57:59,77,15.4,350,361,138,142,70,11,554,59,96,77,false
2026-04-30 00:53:56,2026-05-01 00:56:28,UTC+02:00,2026-04-30 00:53:56,2026-04-30 07:59:28,85,14.9,404,425,183,148,73,21,523,13,95,83,false
2026-04-29 00:04:24,2026-04-30 00:53:56,UTC+02:00,2026-04-29 00:04:24,2026-04-29 08:46:12,96,14.4,507,521,261,173,73,14,528,35,97,89,false
2026-04-28 00:04:52,2026-04-29 00:04:24,UTC+02:00,2026-04-28 00:04:52,2026-04-28 08:28:07,92,14.5,489,503,243,171,75,14,544,69,97,88,false
2026-04-26 23:41:19,2026-04-28 00:04:52,UTC+02:00,2026-04-26 23:41:19,2026-04-27 08:07:36,86,14.8,490,506,262,139,89,16,597,103,96,83,false
2026-04-26 01:08:47,2026-04-26 23:41:19,UTC+02:00,2026-04-26 01:08:47,2026-04-26 08:30:03,84,14.6,420,441,196,122,102,21,580,45,95,86,false
2026-04-24 23:57:15,2026-04-26 01:08:47,UTC+02:00,2026-04-24 23:57:15,2026-04-25 07:59:54,85,14.2,462,482,202,159,101,20,532,47,95,78,false
2026-04-24 00:58:13,2026-04-24 23:57:15,UTC+02:00,2026-04-24 00:58:13,2026-04-24 08:58:39,90,14.0,469,480,193,158,118,11,543,68,97,88,false
2026-04-23 00:24:11,2026-04-24 00:58:13,UTC+02:00,2026-04-23 00:24:11,2026-04-23 08:29:46,85,14.5,480,485,225,124,131,5,586,100,98,82,false
2026-04-22 01:46:40,2026-04-23 00:24:11,UTC+02:00,2026-04-22 01:46:40,2026-04-22 08:59:41,84,14.1,414,433,237,109,68,19,571,81,95,85,false
2026-04-21 01:35:34,2026-04-22 01:46:40,UTC+02:00,2026-04-21 01:35:34,2026-04-21 08:39:35,84,13.8,418,424,184,136,98,6,545,51,98,80,false
2026-04-20 00:15:31,2026-04-21 01:35:34,UTC+02:00,2026-04-20 00:15:31,2026-04-20 09:08:56,84,14.5,515,533,222,174,119,18,596,114,96,74,false
2026-04-19 02:21:00,2026-04-20 00:15:31,UTC+02:00,2026-04-19 02:21:00,2026-04-19 08:38:57,42,16.4,363,377,169,74,120,14,591,68,96,73,false
2026-04-18 00:04:28,2026-04-19 02:21:00,UTC+02:00,2026-04-18 00:04:28,2026-04-18 06:59:58,80,14.5,409,415,209,131,69,6,546,47,98,66,false
2026-04-17 01:15:56,2026-04-18 00:04:28,UTC+02:00,2026-04-17 01:15:56,2026-04-17 08:59:55,83,14.8,448,463,247,127,74,15,544,67,96,75,false
2026-04-16 02:22:54,2026-04-17 01:15:56,UTC+02:00,2026-04-16 02:22:54,2026-04-16 08:39:36,79,14.2,367,376,195,115,57,9,502,26,97,65,false
2026-04-15 00:04:52,2026-04-16 02:22:54,UTC+02:00,2026-04-15 00:04:52,2026-04-15 07:54:53,87,13.9,458,470,211,154,93,12,499,4,97,77,false
2026-04-13 23:58:20,2026-04-15 00:04:52,UTC+02:00,2026-04-13 23:58:20,2026-04-14 08:30:00,86,13.8,494,511,265,114,115,17,500,72,96,69,false
2026-04-12 23:31:48,2026-04-13 23:58:20,UTC+02:00,2026-04-13 15:20:50,2026-04-13 16:21:31,24,15.2,54,60,18,36,0,6,555,72,90,,true
2026-04-12 23:31:48,2026-04-13 23:58:20,UTC+02:00,2026-04-12 23:31:48,2026-04-13 07:29:47,79,14.4,470,477,323,110,37,7,616,69,98,64,false
2026-04-12 02:19:46,2026-04-12 23:31:48,UTC+02:00,2026-04-12 02:19:46,2026-04-12 08:29:47,79,13.9,363,370,200,132,31,7,501,0,98,65,false
2026-04-11 01:00:43,2026-04-12 02:19:46,UTC+02:00,2026-04-11 01:00:43,2026-04-11 08:59:44,82,13.5,449,479,280,130,39,30,409,24,93,58,false
2026-04-09 23:26:11,2026-04-11 01:00:43,UTC+02:00,2026-04-10 15:12:13,2026-04-10 17:10:06,22,15.8,101,117,41,60,0,16,508,24,85,,true
2026-04-09 23:26:11,2026-04-11 01:00:43,UTC+02:00,2026-04-09 23:26:11,2026-04-10 08:00:01,90,14.4,502,513,289,142,71,11,540,64,97,82,false
2026-04-09 00:47:39,2026-04-09 23:26:11,UTC+02:00,2026-04-09 00:47:39,2026-04-09 08:09:10,86,13.9,432,441,209,162,61,9,532,56,97,85,false
2026-04-08 00:11:07,2026-04-09 00:47:39,UTC+02:00,2026-04-08 00:11:07,2026-04-08 07:44:56,84,13.7,431,453,262,123,46,22,519,43,95,76,false
2026-04-07 00:00:05,2026-04-08 00:11:07,UTC+02:00,2026-04-07 00:00:05,2026-04-07 07:58:03,81,13.9,454,477,211,153,90,23,522,46,95,65,false
2026-04-06 00:50:34,2026-04-07 00:00:05,UTC+02:00,2026-04-06 00:50:34,2026-04-06 08:42:29,84,14.6,450,471,254,150,46,21,523,46,95,74,false
2026-04-05 02:53:29,2026-04-06 00:50:34,UTC+02:00,2026-04-05 02:53:29,2026-04-05 09:58:32,80,14.2,405,425,215,137,53,20,477,2,95,59,false
2026-04-04 00:43:26,2026-04-05 02:53:29,UTC+02:00,2026-04-04 00:43:26,2026-04-04 09:25:55,83,13.7,503,522,257,144,102,19,506,30,96,62,false
2026-04-03 01:41:25,2026-04-04 00:43:26,UTC+02:00,2026-04-03 01:41:25,2026-04-03 08:53:56,78,14.9,410,432,198,144,68,22,458,59,94,47,false
2026-04-02 00:45:23,2026-04-03 01:41:25,UTC+02:00,2026-04-02 16:42:25,2026-04-02 17:59:55,21,17.7,76,77,23,46,7,1,535,59,98,,true
2026-04-02 00:45:23,2026-04-03 01:41:25,UTC+02:00,2026-04-02 00:45:23,2026-04-02 08:44:54,71,16.8,407,479,206,103,98,72,499,23,84,41,false
2026-04-01 00:01:22,2026-04-02 00:45:23,UTC+02:00,2026-04-01 00:01:22,2026-04-01 06:08:15,60,17.7,286,366,146,68,72,80,334,0,78,29,false
2026-03-30 20:50:50,2026-04-01 00:01:22,UTC+02:00,2026-03-31 14:35:21,2026-03-31 17:46:04,6,19.0,141,190,77,58,6,49,476,0,74,,true
2026-03-30 20:50:50,2026-04-01 00:01:22,UTC+02:00,2026-03-30 20:50:50,2026-03-31 07:02:51,60,18.5,515,612,310,88,117,97,478,0,84,26,false
2026-03-30 00:08:48,2026-03-30 20:50:50,UTC+02:00,2026-03-30 00:08:48,2026-03-30 06:57:30,77,14.3,404,408,202,132,70,4,378,127,99,25,false
2026-03-29 05:09:46,2026-03-30 00:08:48,UTC+02:00,2026-03-29 17:16:47,2026-03-29 20:09:43,22,17.2,167,172,48,107,12,5,546,127,97,,true
2026-03-29 05:09:46,2026-03-30 00:08:48,UTC+02:00,2026-03-29 13:31:17,2026-03-29 14:31:25,19,16.3,60,60,13,47,0,0,606,127,100,,true
2026-03-29 05:09:46,2026-03-30 00:08:48,UTC+02:00,2026-03-29 05:09:46,2026-03-29 10:14:17,22,16.7,270,304,139,93,38,34,631,101,88,34,false
2026-03-27 23:44:43,2026-03-29 04:09:46,UTC+01:00,2026-03-27 23:44:43,2026-03-28 05:49:07,78,14.4,354,364,159,151,44,10,512,85,98,67,false
2026-03-27 00:23:41,2026-03-27 23:44:43,UTC+01:00,2026-03-27 18:01:42,2026-03-27 18:59:00,27,15.6,56,57,15,36,5,1,568,85,98,,true
2026-03-27 00:23:41,2026-03-27 23:44:43,UTC+01:00,2026-03-27 00:23:41,2026-03-27 07:32:22,83,13.8,415,428,247,129,39,13,549,73,96,80,false
2026-03-25 23:23:09,2026-03-27 00:23:41,UTC+01:00,2026-03-25 23:23:09,2026-03-26 07:01:40,82,14.8,445,458,216,142,87,13,558,83,97,72,false
2026-03-25 00:22:07,2026-03-25 23:23:09,UTC+01:00,2026-03-25 00:22:07,2026-03-25 06:56:37,78,13.9,370,394,157,149,64,24,499,21,94,61,false
2026-03-23 23:17:06,2026-03-25 00:22:07,UTC+01:00,2026-03-23 23:17:06,2026-03-24 07:09:04,80,14.1,451,471,229,131,91,20,484,0,96,51,false
2026-03-22 23:42:34,2026-03-23 23:17:06,UTC+01:00,2026-03-22 23:42:34,2026-03-23 07:59:35,77,14.2,485,497,256,129,100,12,440,127,98,30,false
2026-03-22 06:12:02,2026-03-22 23:42:34,UTC+01:00,2026-03-22 17:20:33,2026-03-22 20:06:34,21,16.2,162,166,61,84,17,4,602,127,97,,true
2026-03-22 06:12:02,2026-03-22 23:42:34,UTC+01:00,2026-03-22 06:12:02,2026-03-22 09:39:33,19,16.7,196,207,64,92,40,11,616,99,94,24,false
2026-03-20 23:52:00,2026-03-22 06:12:02,UTC+01:00,2026-03-20 23:52:00,2026-03-21 07:05:02,86,14.2,423,433,181,150,92,10,577,101,97,91,false
2026-03-19 23:21:28,2026-03-20 23:52:00,UTC+01:00,2026-03-19 23:21:28,2026-03-20 06:59:50,84,13.9,448,458,217,191,40,10,606,125,97,83,false
2026-03-19 00:35:25,2026-03-19 23:21:28,UTC+01:00,2026-03-19 00:35:25,2026-03-19 07:08:56,81,14.5,385,393,205,106,74,8,580,105,97,86,false
2026-03-17 23:53:53,2026-03-19 00:35:25,UTC+01:00,2026-03-17 23:53:53,2026-03-18 07:09:14,83,14.7,425,435,183,173,69,10,588,110,97,80,false
2026-03-17 01:48:52,2026-03-17 23:53:53,UTC+01:00,2026-03-17 01:48:52,2026-03-17 07:00:04,69,13.9,307,311,154,114,39,4,527,33,98,68,false
2026-03-15 23:23:50,2026-03-17 01:48:52,UTC+01:00,2026-03-15 23:23:50,2026-03-16 07:07:23,85,14.4,451,463,247,143,61,12,503,24,97,75,false
2026-03-15 00:44:48,2026-03-15 23:23:50,UTC+01:00,2026-03-15 00:44:48,2026-03-15 08:47:18,86,15.3,475,482,247,128,100,7,513,35,98,75,false
2026-03-13 23:09:16,2026-03-15 00:44:48,UTC+01:00,2026-03-13 23:09:16,2026-03-14 08:36:17,83,13.9,559,567,232,177,150,8,614,127,98,69,false
2026-03-13 00:33:44,2026-03-13 23:09:16,UTC+01:00,2026-03-13 00:33:44,2026-03-13 06:37:29,73,14.9,358,363,137,157,64,5,604,101,98,78,false
2026-03-12 00:10:12,2026-03-13 00:33:44,UTC+01:00,2026-03-12 00:10:12,2026-03-12 07:09:25,78,14.5,403,419,200,153,50,16,561,84,96,63,false
2026-03-10 23:56:10,2026-03-12 00:10:12,UTC+01:00,2026-03-10 23:56:10,2026-03-11 07:08:58,75,14.6,424,432,200,162,62,8,555,78,98,42,false
2026-03-09 23:59:08,2026-03-10 23:56:10,UTC+01:00,2026-03-09 23:59:08,2026-03-10 07:08:51,71,14.3,412,429,169,154,89,17,569,93,95,26,false
2026-03-08 04:43:21,2026-03-09 23:59:08,UTC+01:00,2026-03-08 04:43:21,2026-03-08 12:28:52,74,16.3,458,465,185,144,129,7,603,126,98,40,false
2026-03-07 04:15:49,2026-03-08 04:43:21,UTC+01:00,2026-03-07 04:15:49,2026-03-07 11:31:16,41,15.9,359,435,174,117,68,76,613,125,82,30,false
2026-03-06 00:26:18,2026-03-07 04:15:49,UTC+01:00,2026-03-06 00:26:18,2026-03-06 07:09:14,82,14.9,398,402,159,162,77,4,593,116,99,86,false
2026-03-05 01:41:15,2026-03-06 00:26:18,UTC+01:00,2026-03-05 01:41:15,2026-03-05 07:19:16,71,16.8,328,338,152,131,45,10,562,85,97,73,false
2026-03-04 00:04:13,2026-03-05 01:41:15,UTC+01:00,2026-03-04 00:04:13,2026-03-04 06:59:40,80,14.5,409,415,241,111,57,6,543,67,98,69,false
2026-03-03 00:22:11,2026-03-04 00:04:13,UTC+01:00,2026-03-03 00:22:11,2026-03-03 06:59:41,77,15.0,389,397,199,125,65,8,523,47,97,55,false
2026-03-02 00:40:39,2026-03-03 00:22:11,UTC+01:00,2026-03-02 00:40:39,2026-03-02 08:42:14,80,14.1,469,481,251,150,68,12,563,87,97,61,false
2026-03-01 04:02:08,2026-03-02 00:40:39,UTC+01:00,2026-03-01 04:02:08,2026-03-01 10:06:25,61,16.6,357,364,166,104,87,7,532,17,98,67,false
2026-02-28 02:11:36,2026-03-01 04:02:08,UTC+01:00,2026-02-28 02:11:36,2026-02-28 10:04:07,89,13.8,459,472,282,120,57,13,485,0,97,80,false
2026-02-26 23:54:33,2026-02-28 02:11:36,UTC+01:00,2026-02-26 23:54:33,2026-02-27 11:16:35,84,13.9,624,682,414,139,71,58,526,38,91,65,false
2026-02-26 02:02:49,2026-02-26 23:54:33,UTC+01:00,2026-02-26 02:02:49,2026-02-26 10:18:22,86,14.4,483,495,300,112,71,12,543,39,97,79,false
2026-02-25 02:03:17,2026-02-26 02:02:49,UTC+01:00,2026-02-25 02:03:17,2026-02-25 10:09:28,84,14.1,464,486,230,141,93,22,526,30,95,72,false
2026-02-24 01:20:15,2026-02-25 02:03:17,UTC+01:00,2026-02-24 01:20:15,2026-02-24 09:39:07,83,15.0,471,498,218,133,120,27,532,42,95,70,false
2026-02-22 23:55:43,2026-02-24 01:20:15,UTC+01:00,2026-02-22 23:55:43,2026-02-23 08:09:03,81,14.6,473,493,233,146,94,20,558,81,95,63,false
2026-02-22 00:51:09,2026-02-22 23:55:43,UTC+01:00,2026-02-22 00:51:09,2026-02-22 07:54:41,79,15.8,413,423,194,126,93,10,575,71,97,65,false
2026-02-21 02:02:37,2026-02-22 00:51:09,UTC+01:00,2026-02-21 02:02:37,2026-02-21 10:09:09,81,14.9,467,486,240,135,92,19,610,115,96,70,false
2026-02-20 00:44:36,2026-02-21 02:02:37,UTC+01:00,2026-02-20 00:44:36,2026-02-20 05:52:30,63,14.4,296,307,129,133,34,11,526,31,96,45,false
2026-02-19 02:10:34,2026-02-20 00:44:36,UTC+01:00,2026-02-19 02:10:34,2026-02-19 10:49:05,93,14.3,497,518,284,144,69,21,546,42,95,89,false
2026-02-18 02:12:02,2026-02-19 02:10:34,UTC+01:00,2026-02-18 02:12:02,2026-02-18 09:59:33,91,13.9,458,467,254,132,72,9,525,38,98,89,false
2026-02-17 02:07:30,2026-02-18 02:12:02,UTC+01:00,2026-02-17 02:07:30,2026-02-17 09:59:59,88,14.3,459,472,271,130,58,13,536,39,97,84,false
2026-02-16 03:07:58,2026-02-17 02:07:30,UTC+01:00,2026-02-16 03:07:58,2026-02-16 10:54:29,84,13.9,442,466,233,128,81,24,521,10,94,77,false
2026-02-15 01:56:56,2026-02-16 03:07:58,UTC+01:00,2026-02-15 01:56:56,2026-02-15 10:32:58,95,14.4,503,516,248,141,114,13,520,12,97,87,false
2026-02-14 01:29:24,2026-02-15 01:56:56,UTC+01:00,2026-02-14 01:29:24,2026-02-14 09:58:56,92,14.4,481,509,299,135,47,28,501,10,94,84,false
2026-02-13 01:36:52,2026-02-14 01:29:24,UTC+01:00,2026-02-13 01:36:52,2026-02-13 09:39:54,89,15.2,471,483,272,118,81,12,488,10,97,77,false
2026-02-12 02:39:20,2026-02-13 01:36:52,UTC+01:00,2026-02-12 02:39:20,2026-02-12 11:02:03,95,15.0,486,502,278,134,74,16,503,9,96,87,false
2026-02-11 02:04:48,2026-02-12 02:39:20,UTC+01:00,2026-02-11 02:04:48,2026-02-11 10:27:40,94,14.3,473,502,251,151,71,29,488,0,94,85,false
2026-02-10 02:05:16,2026-02-11 02:04:48,UTC+01:00,2026-02-10 02:05:16,2026-02-10 10:54:32,92,14.6,518,529,229,150,139,11,508,4,97,80,false
2026-02-09 01:58:44,2026-02-10 02:05:16,UTC+01:00,2026-02-09 01:58:44,2026-02-09 11:12:09,86,14.2,530,553,257,154,119,23,538,29,95,70,false
2026-02-08 01:47:10,2026-02-09 01:58:44,UTC+01:00,2026-02-08 01:47:10,2026-02-08 10:25:13,80,14.0,505,518,241,167,97,13,563,71,97,55,false
2026-02-07 05:40:09,2026-02-08 01:47:10,UTC+01:00,2026-02-07 05:40:09,2026-02-07 12:28:28,72,16.5,393,408,190,94,109,15,537,42,96,38,false
2026-02-06 01:36:06,2026-02-07 05:40:09,UTC+01:00,2026-02-06 01:36:06,2026-02-06 09:44:02,87,14.6,473,487,227,154,92,14,558,81,97,84,false
2026-02-05 02:28:54,2026-02-06 01:36:06,UTC+01:00,2026-02-05 02:28:54,2026-02-05 08:59:45,82,14.9,380,390,209,102,69,10,542,41,97,80,false
2026-02-04 02:00:52,2026-02-05 02:28:54,UTC+01:00,2026-02-04 02:00:52,2026-02-04 09:59:51,92,14.5,463,478,297,113,53,15,528,37,96,89,false
2026-02-03 02:04:50,2026-02-04 02:00:52,UTC+01:00,2026-02-03 02:04:50,2026-02-03 10:09:29,89,14.6,468,484,200,154,114,16,543,45,96,86,false
2026-02-02 02:25:18,2026-02-03 02:04:50,UTC+01:00,2026-02-02 02:25:18,2026-02-02 09:59:20,85,15.0,427,454,218,145,64,27,518,42,94,82,false
2026-02-01 03:47:46,2026-02-02 02:25:18,UTC+01:00,2026-02-01 03:47:46,2026-02-01 11:09:18,83,15.5,426,441,183,131,112,15,510,12,96,74,false
2026-01-31 02:12:44,2026-02-01 03:47:46,UTC+01:00,2026-01-31 02:12:44,2026-01-31 10:18:04,97,14.4,469,485,256,125,88,16,488,0,96,93,false
2026-01-30 01:48:42,2026-01-31 02:12:44,UTC+01:00,2026-01-30 01:48:42,2026-01-30 10:35:42,99,14.5,488,526,210,158,120,38,482,0,92,89,false
2026-01-29 02:10:40,2026-01-30 01:48:42,UTC+01:00,2026-01-29 02:10:40,2026-01-29 11:03:42,99,15.1,517,533,231,165,121,16,497,0,97,89,false
2026-01-28 02:09:08,2026-01-29 02:10:40,UTC+01:00,2026-01-28 02:09:08,2026-01-28 11:01:00,92,15.1,513,531,276,145,92,18,505,10,96,81,false
2026-01-27 02:22:25,2026-01-28 02:09:08,UTC+01:00,2026-01-27 02:22:25,2026-01-27 10:18:17,87,15.0,461,475,241,158,62,14,478,1,97,75,false
2026-01-26 01:26:23,2026-01-27 02:22:25,UTC+01:00,2026-01-26 01:26:23,2026-01-26 11:09:24,83,14.4,552,583,310,120,122,31,555,75,94,60,false
2026-01-25 04:36:21,2026-01-26 01:26:23,UTC+01:00,2026-01-25 04:36:21,2026-01-25 12:16:52,76,16.1,441,460,219,136,86,19,591,73,95,61,false
2026-01-24 02:30:19,2026-01-25 04:36:21,UTC+01:00,2026-01-24 02:30:19,2026-01-24 10:06:20,86,14.6,443,456,237,146,60,13,590,63,97,87,false
2026-01-23 03:07:17,2026-01-24 02:30:19,UTC+01:00,2026-01-23 03:07:17,2026-01-23 10:28:37,88,14.2,425,441,196,160,69,16,553,68,96,92,false
2026-01-22 03:27:45,2026-01-23 03:07:17,UTC+01:00,2026-01-22 03:27:45,2026-01-22 10:44:17,85,15.4,422,436,216,136,70,14,560,51,96,85,false
2026-01-21 02:25:43,2026-01-22 03:27:45,UTC+01:00,2026-01-21 02:25:43,2026-01-21 10:28:45,91,14.7,472,483,220,162,90,11,552,52,97,91,false
2026-01-20 03:10:42,2026-01-21 02:25:43,UTC+01:00,2026-01-20 03:10:42,2026-01-20 10:30:02,85,14.2,422,439,200,149,73,17,527,32,96,82,false
2026-01-19 02:09:40,2026-01-20 03:10:42,UTC+01:00,2026-01-19 02:09:40,2026-01-19 09:59:38,92,14.5,461,469,196,150,115,8,512,35,98,88,false
2026-01-18 02:26:38,2026-01-19 02:09:40,UTC+01:00,2026-01-18 02:26:38,2026-01-18 10:05:06,88,14.8,440,458,201,145,94,18,510,0,96,85,false
2026-01-17 02:21:36,2026-01-18 02:26:38,UTC+01:00,2026-01-17 02:21:36,2026-01-17 11:25:16,95,14.5,519,543,277,125,117,24,516,16,95,84,false
2026-01-16 01:50:34,2026-01-17 02:21:36,UTC+01:00,2026-01-16 01:50:34,2026-01-16 10:34:25,96,14.6,504,523,243,153,108,19,530,51,96,89,false
2026-01-15 02:54:02,2026-01-16 01:50:34,UTC+01:00,2026-01-15 02:54:02,2026-01-15 10:50:33,88,14.8,460,476,209,153,98,16,564,42,96,87,false
2026-01-14 01:51:59,2026-01-15 02:54:02,UTC+01:00,2026-01-14 01:51:59,2026-01-14 10:29:55,82,15.3,426,517,209,163,54,91,510,25,82,89,false
2026-01-13 02:19:57,2026-01-14 01:51:59,UTC+01:00,2026-01-13 02:19:57,2026-01-13 10:24:28,93,14.8,474,484,232,162,80,10,513,17,97,88,false
2026-01-12 02:12:25,2026-01-13 02:19:57,UTC+01:00,2026-01-12 02:12:25,2026-01-12 10:46:56,96,14.5,493,514,251,146,96,21,519,12,95,89,false
2026-01-11 02:47:53,2026-01-12 02:12:25,UTC+01:00,2026-01-11 02:47:53,2026-01-11 11:29:28,89,15.0,494,521,291,129,74,27,513,0,94,79,false
2026-01-10 01:52:51,2026-01-11 02:47:53,UTC+01:00,2026-01-10 01:52:51,2026-01-10 10:40:53,100,14.9,503,528,255,139,109,25,485,0,95,90,false
2026-01-09 02:02:18,2026-01-10 01:52:51,UTC+01:00,2026-01-09 02:02:18,2026-01-09 11:13:06,95,14.9,530,550,220,190,120,20,494,0,96,85,false
2026-01-08 01:08:46,2026-01-09 02:02:18,UTC+01:00,2026-01-08 01:08:46,2026-01-08 10:40:12,98,14.6,550,571,298,129,123,21,521,0,96,88,false
2026-01-07 01:29:14,2026-01-08 01:08:46,UTC+01:00,2026-01-07 01:29:14,2026-01-07 10:17:15,97,15.1,509,528,256,128,125,19,492,0,96,87,false
2026-01-06 01:31:12,2026-01-07 01:29:14,UTC+01:00,2026-01-06 01:31:12,2026-01-06 11:17:43,85,14.6,560,586,313,128,119,26,515,12,95,68,false
2026-01-05 01:46:10,2026-01-06 01:31:12,UTC+01:00,2026-01-05 01:46:10,2026-01-05 10:28:41,81,15.0,496,522,225,148,123,26,516,19,95,54,false
2026-01-04 01:52:36,2026-01-05 01:46:10,UTC+01:00,2026-01-04 01:52:36,2026-01-04 10:06:02,77,15.0,475,493,233,152,90,18,506,0,96,38,false
2026-01-03 01:36:04,2026-01-04 01:52:36,UTC+01:00,2026-01-03 01:36:04,2026-01-03 09:54:06,76,15.1,491,498,252,159,80,7,343,127,98,24,false
2026-01-02 00:24:03,2026-01-03 01:36:04,UTC+01:00,2026-01-02 09:36:33,2026-01-02 14:29:04,43,16.1,285,292,142,91,52,7,603,127,97,,true
2026-01-02 00:24:03,2026-01-03 01:36:04,UTC+01:00,2026-01-02 00:24:03,2026-01-02 01:44:16,20,16.3,79,80,28,48,3,1,467,127,98,29,false
2026-01-01 04:34:01,2026-01-02 00:24:03,UTC+01:00,2026-01-01 10:04:32,2026-01-01 12:34:02,21,15.0,136,149,49,71,16,13,604,127,91,,true
2026-01-01 04:34:01,2026-01-02 00:24:03,UTC+01:00,2026-01-01 04:34:01,2026-01-01 07:45:02,14,17.8,180,191,72,91,17,11,586,85,95,53,false
2025-12-31 01:29:30,2026-01-01 04:34:01,UTC+01:00,2025-12-31 01:29:30,2025-12-31 08:44:47,82,16.2,417,435,239,110,68,18,549,57,95,76,false
2025-12-30 01:51:58,2025-12-31 01:29:30,UTC+01:00,2025-12-30 01:51:58,2025-12-30 10:08:59,81,15.3,471,497,218,142,111,26,561,67,94,66,false
2025-12-29 00:49:26,2025-12-30 01:51:58,UTC+01:00,2025-12-29 00:49:26,2025-12-29 09:59:58,80,13.8,524,550,299,136,89,26,628,124,95,63,false
2025-12-28 00:22:23,2025-12-29 00:49:26,UTC+01:00,2025-12-28 00:22:23,2025-12-28 06:42:50,71,15.4,375,380,186,126,63,5,625,102,98,61,false
2025-12-27 00:16:51,2025-12-28 00:22:23,UTC+01:00,2025-12-27 00:16:51,2025-12-27 08:09:22,78,16.2,445,472,209,131,105,27,604,127,94,60,false
2025-12-26 03:48:20,2025-12-27 00:16:51,UTC+01:00,2025-12-26 03:48:20,2025-12-26 08:09:50,47,17.2,251,261,80,132,39,10,531,51,96,55,false
2025-12-25 00:26:17,2025-12-26 03:48:20,UTC+01:00,2025-12-25 00:26:17,2025-12-25 09:09:11,81,14.9,508,522,252,174,82,14,588,112,97,64,false
2025-12-24 05:23:00,2025-12-25 00:26:17,UTC+01:00,2025-12-24 05:23:00,2025-12-24 10:23:00,49,17.2,282,300,150,79,53,18,507,0,94,51,false
2025-12-23 01:15:43,2025-12-24 05:23:00,UTC+01:00,2025-12-23 01:15:43,2025-12-23 10:26:07,88,14.5,532,550,268,159,105,18,528,51,96,74,false
2025-12-22 00:35:11,2025-12-23 01:15:43,UTC+01:00,2025-12-22 00:35:11,2025-12-22 08:53:10,82,14.2,471,497,261,150,60,26,552,74,94,67,false
2025-12-21 01:53:09,2025-12-22 00:35:11,UTC+01:00,2025-12-21 01:53:09,2025-12-21 08:58:00,81,15.8,413,424,236,105,72,11,563,86,97,74,false
2025-12-20 03:35:08,2025-12-21 01:53:09,UTC+01:00,2025-12-20 03:35:08,2025-12-20 09:59:39,73,16.5,372,384,189,90,93,12,544,42,96,67,false
2025-12-19 01:46:55,2025-12-20 03:35:08,UTC+01:00,2025-12-19 01:46:55,2025-12-19 11:15:07,85,15.8,510,568,267,145,98,58,576,84,89,77,false
2025-12-18 01:57:23,2025-12-19 01:46:55,UTC+01:00,2025-12-18 01:57:23,2025-12-18 10:38:55,75,15.5,430,521,188,157,85,91,599,84,82,75,false
2025-12-17 01:15:50,2025-12-18 01:57:23,UTC+01:00,2025-12-17 01:15:50,2025-12-17 08:59:46,88,15.1,452,463,211,152,89,11,583,57,97,92,false
2025-12-16 01:10:19,2025-12-17 01:15:50,UTC+01:00,2025-12-16 01:10:19,2025-12-16 09:08:20,87,14.5,468,478,275,125,68,10,557,54,98,89,false
2025-12-15 01:30:47,2025-12-16 01:10:19,UTC+01:00,2025-12-15 01:30:47,2025-12-15 09:08:48,86,14.2,443,458,251,137,55,15,528,49,96,82,false
2025-12-14 02:06:45,2025-12-15 01:30:47,UTC+01:00,2025-12-14 02:06:45,2025-12-14 09:57:49,83,15.4,455,471,232,147,76,16,532,22,96,73,false
2025-12-13 00:59:13,2025-12-14 02:06:45,UTC+01:00,2025-12-13 00:59:13,2025-12-13 09:19:21,88,14.5,479,500,218,146,115,21,514,16,95,79,false
2025-12-12 00:05:41,2025-12-13 00:59:13,UTC+01:00,2025-12-12 00:05:41,2025-12-12 09:39:13,83,15.0,555,573,309,141,105,18,581,91,96,65,false
2025-12-11 00:55:05,2025-12-12 00:05:41,UTC+01:00,2025-12-11 00:55:05,2025-12-11 06:44:36,72,16.0,345,349,170,114,61,4,527,37,98,48,false
2025-12-10 01:47:33,2025-12-11 00:55:05,UTC+01:00,2025-12-10 01:47:33,2025-12-10 09:56:25,82,14.9,440,488,264,142,34,48,499,0,90,66,false
2025-12-09 01:06:31,2025-12-10 01:47:33,UTC+01:00,2025-12-09 01:06:31,2025-12-09 11:12:27,83,14.9,593,605,329,170,94,12,507,10,97,59,false
2025-12-08 01:16:29,2025-12-09 01:06:31,UTC+01:00,2025-12-08 01:16:29,2025-12-08 10:08:24,79,15.2,517,531,282,152,83,14,534,127,97,42,false
2025-12-07 07:40:57,2025-12-08 01:16:29,UTC+01:00,2025-12-07 17:56:28,2025-12-07 19:07:58,19,17.3,70,71,21,47,2,1,604,127,97,,true
2025-12-07 07:40:57,2025-12-08 01:16:29,UTC+01:00,2025-12-07 07:40:57,2025-12-07 12:16:28,34,17.1,264,275,132,91,41,11,526,18,95,28,false
2025-12-06 01:37:24,2025-12-07 07:40:57,UTC+01:00,2025-12-06 01:37:24,2025-12-06 09:45:26,92,15.2,469,488,230,134,105,19,498,0,96,85,false
2025-12-05 01:34:22,2025-12-06 01:37:24,UTC+01:00,2025-12-05 01:34:22,2025-12-05 10:40:03,90,14.9,520,545,278,142,100,25,497,16,95,77,false
2025-12-04 01:52:19,2025-12-05 01:34:22,UTC+01:00,2025-12-04 01:52:19,2025-12-04 10:40:21,82,14.4,507,528,281,136,90,21,539,34,96,63,false
2025-12-03 00:58:17,2025-12-04 01:52:19,UTC+01:00,2025-12-03 00:58:17,2025-12-03 08:59:33,87,14.6,458,481,248,140,70,23,512,14,95,79,false
2025-12-01 23:42:45,2025-12-03 00:58:17,UTC+01:00,2025-12-01 23:42:45,2025-12-02 09:24:17,85,14.1,560,581,283,147,130,21,583,85,96,70,false
2025-12-01 00:38:14,2025-12-01 23:42:45,UTC+01:00,2025-12-01 00:38:14,2025-12-01 06:57:31,77,14.0,365,379,182,102,81,14,536,59,96,65,false
2025-11-30 01:35:12,2025-12-01 00:38:14,UTC+01:00,2025-11-30 01:35:12,2025-11-30 08:10:43,78,14.1,390,395,159,152,79,5,508,0,98,57,false
2025-11-28 23:49:10,2025-11-30 01:35:12,UTC+01:00,2025-11-28 23:49:10,2025-11-29 08:57:48,84,13.7,526,548,302,130,94,22,486,0,95,63,false
2025-11-27 23:30:07,2025-11-28 23:49:10,UTC+01:00,2025-11-27 23:30:07,2025-11-28 09:14:21,80,14.0,551,584,323,134,94,33,511,127,95,45,false
2025-11-26 23:47:23,2025-11-27 23:30:07,UTC+01:00,2025-11-27 15:50:00,2025-11-27 17:30:00,19,15.8,98,100,24,59,15,2,610,127,98,,true
2025-11-26 23:47:23,2025-11-27 23:30:07,UTC+01:00,2025-11-26 23:47:23,2025-11-27 03:24:53,47,16.0,213,217,124,79,10,4,504,5,98,74,false
2025-11-26 01:25:51,2025-11-26 23:47:23,UTC+01:00,2025-11-26 01:25:51,2025-11-26 10:17:07,90,14.5,498,531,254,155,89,33,507,8,93,79,false
2025-11-25 00:42:19,2025-11-26 01:25:51,UTC+01:00,2025-11-25 00:42:19,2025-11-25 09:09:20,98,14.1,487,507,267,126,94,20,499,3,96,92,false
2025-11-24 00:58:17,2025-11-25 00:42:19,UTC+01:00,2025-11-24 00:58:17,2025-11-24 09:27:45,99,14.4,483,509,252,138,93,26,488,11,94,90,false
2025-11-23 00:26:15,2025-11-24 00:58:17,UTC+01:00,2025-11-23 00:26:15,2025-11-23 09:39:15,94,14.4,530,553,226,160,144,23,548,33,95,85,false
2025-11-22 00:42:13,2025-11-23 00:26:15,UTC+01:00,2025-11-22 00:42:13,2025-11-22 08:42:57,90,13.8,463,480,204,121,138,17,515,19,96,85,false
2025-11-21 01:04:10,2025-11-22 00:42:13,UTC+01:00,2025-11-21 01:04:10,2025-11-21 08:52:42,86,14.5,455,468,245,128,82,13,485,0,97,75,false
2025-11-20 00:51:38,2025-11-21 01:04:10,UTC+01:00,2025-11-20 00:51:38,2025-11-20 10:09:36,86,13.9,539,557,325,125,89,18,522,16,96,69,false
2025-11-19 00:34:36,2025-11-20 00:51:38,UTC+01:00,2025-11-19 00:34:36,2025-11-19 09:12:38,81,14.4,500,518,279,129,92,18,532,38,96,57,false
2025-11-18 00:57:34,2025-11-19 00:34:36,UTC+01:00,2025-11-18 00:57:34,2025-11-18 09:53:34,77,14.0,514,535,288,146,80,21,591,89,96,44,false
2025-11-17 06:29:03,2025-11-18 00:57:34,UTC+01:00,2025-11-17 06:29:03,2025-11-17 12:42:15,68,15.8,355,373,160,103,92,18,534,53,95,28,false
2025-11-16 02:26:01,2025-11-17 06:29:03,UTC+01:00,2025-11-16 02:26:01,2025-11-16 10:26:33,81,14.1,452,480,254,117,81,28,559,44,94,66,false
2025-11-15 00:44:28,2025-11-16 02:26:01,UTC+01:00,2025-11-15 00:44:28,2025-11-15 08:48:53,92,13.8,466,484,272,124,70,18,535,42,96,92,false
2025-11-14 00:43:57,2025-11-15 00:44:28,UTC+01:00,2025-11-14 00:43:57,2025-11-14 08:44:58,92,14.2,465,481,205,175,85,16,530,39,96,89,false
2025-11-13 01:28:55,2025-11-14 00:43:57,UTC+01:00,2025-11-13 01:28:55,2025-11-13 09:37:39,87,14.4,475,488,279,104,92,13,555,43,97,82,false
2025-11-12 00:43:23,2025-11-13 01:28:55,UTC+01:00,2025-11-12 00:43:23,2025-11-12 08:42:14,91,14.4,471,478,213,175,83,7,539,38,98,89,false
2025-11-11 00:55:50,2025-11-12 00:43:23,UTC+01:00,2025-11-11 00:55:50,2025-11-11 08:59:33,91,14.3,459,483,233,146,80,24,520,23,95,88,false
2025-11-10 01:02:18,2025-11-11 00:55:50,UTC+01:00,2025-11-10 01:02:18,2025-11-10 08:42:18,89,14.2,440,459,213,147,80,19,476,0,95,82,false
2025-11-09 01:12:16,2025-11-10 01:02:18,UTC+01:00,2025-11-09 01:12:16,2025-11-09 10:59:22,85,14.0,554,587,285,154,115,33,536,20,94,69,false
2025-11-08 00:52:15,2025-11-09 01:12:16,UTC+01:00,2025-11-08 00:52:15,2025-11-08 08:59:46,94,14.6,464,487,204,147,113,23,496,0,95,88,false
2025-11-07 00:17:43,2025-11-08 00:52:15,UTC+01:00,2025-11-07 00:17:43,2025-11-07 08:59:53,93,14.9,494,522,272,152,70,28,490,0,94,82,false
2025-11-06 00:09:11,2025-11-07 00:17:43,UTC+01:00,2025-11-06 00:09:11,2025-11-06 09:13:37,86,14.1,524,544,312,122,90,20,521,33,96,70,false
2025-11-05 00:55:38,2025-11-06 00:09:11,UTC+01:00,2025-11-05 00:55:38,2025-11-05 08:27:53,82,14.5,437,452,244,137,56,15,504,57,96,66,false
2025-11-04 01:37:36,2025-11-05 00:55:38,UTC+01:00,2025-11-04 16:10:00,2025-11-04 17:00:00,26,17.1,49,50,28,21,0,1,537,57,100,,true
2025-11-04 01:37:36,2025-11-05 00:55:38,UTC+01:00,2025-11-04 01:37:36,2025-11-04 09:46:08,84,14.6,467,488,182,161,124,21,557,68,95,77,false
2025-11-03 01:48:05,2025-11-04 01:37:36,UTC+01:00,2025-11-03 01:48:05,2025-11-03 07:59:37,79,14.3,356,371,169,115,72,15,494,0,95,64,false
2025-11-02 00:57:59,2025-11-03 01:48:05,UTC+01:00,2025-11-02 00:57:59,2025-11-02 10:32:40,86,13.9,556,574,244,149,163,18,539,70,96,69,false
2025-11-01 03:01:27,2025-11-02 00:57:59,UTC+01:00,2025-11-01 13:15:00,2025-11-01 14:00:00,22,16.3,38,45,11,27,0,7,546,70,94,,true
2025-11-01 03:01:27,2025-11-02 00:57:59,UTC+01:00,2025-11-01 03:01:27,2025-11-01 10:29:58,79,14.2,432,448,246,130,56,16,572,69,96,65,false
2025-10-31 01:10:55,2025-11-01 03:01:27,UTC+01:00,2025-10-31 01:10:55,2025-10-31 08:53:13,86,14.3,437,462,163,161,113,25,546,65,95,85,false
2025-10-30 01:45:23,2025-10-31 01:10:55,UTC+01:00,2025-10-30 01:45:23,2025-10-30 09:46:37,82,14.2,452,481,176,141,135,29,583,69,93,76,false
2025-10-29 00:37:52,2025-10-30 01:45:23,UTC+01:00,2025-10-29 00:37:52,2025-10-29 08:58:52,85,14.2,480,501,205,184,91,21,588,92,95,82,false
2025-10-28 01:34:50,2025-10-29 00:37:52,UTC+01:00,2025-10-28 01:34:50,2025-10-28 07:59:21,79,14.2,357,384,166,104,87,27,542,39,92,78,false
2025-10-27 00:20:17,2025-10-28 01:34:50,UTC+01:00,2025-10-27 00:20:17,2025-10-27 08:30:55,87,14.5,468,490,249,146,73,22,529,52,95,81,false
2025-10-26 01:07:15,2025-10-27 00:20:17,UTC+01:00,2025-10-26 01:07:15,2025-10-26 09:32:46,84,14.0,476,505,230,140,106,29,558,38,94,75,false
2025-10-25 00:29:13,2025-10-26 02:07:15,UTC+02:00,2025-10-25 00:29:13,2025-10-25 08:59:44,87,14.5,489,510,293,128,68,21,548,62,95,81,false
2025-10-24 01:33:00,2025-10-25 00:29:13,UTC+02:00,2025-10-24 01:33:00,2025-10-24 09:28:58,87,14.3,443,475,188,135,120,32,541,63,93,86,false
2025-10-23 01:49:58,2025-10-24 01:33:00,UTC+02:00,2025-10-23 01:49:58,2025-10-23 10:11:29,82,14.6,461,501,178,162,121,40,560,45,92,71,false
2025-10-22 00:55:52,2025-10-23 01:49:58,UTC+02:00,2025-10-22 00:55:52,2025-10-22 08:59:51,84,14.8,464,483,268,152,44,19,535,29,95,74,false
2025-10-21 01:07:21,2025-10-22 00:55:52,UTC+02:00,2025-10-21 01:07:21,2025-10-21 09:09:15,82,13.9,453,481,221,150,82,28,498,0,94,62,false
2025-10-20 00:14:19,2025-10-21 01:07:21,UTC+02:00,2025-10-20 00:14:19,2025-10-20 09:53:12,78,14.1,553,578,247,182,124,25,553,127,95,37,false
2025-10-19 05:51:17,2025-10-20 00:14:19,UTC+02:00,2025-10-19 17:24:48,2025-10-19 18:29:48,26,17.7,62,65,18,44,0,3,616,127,99,,true
2025-10-19 05:51:17,2025-10-20 00:14:19,UTC+02:00,2025-10-19 05:51:17,2025-10-19 08:59:03,35,16.6,186,187,62,77,47,1,525,61,99,,false
2025-10-18 01:01:12,2025-10-19 05:51:17,UTC+02:00,2025-10-18 13:15:00,2025-10-18 14:15:00,26,16.3,57,60,10,47,0,3,539,61,98,,true
2025-10-18 01:01:12,2025-10-19 05:51:17,UTC+02:00,2025-10-18 01:01:12,2025-10-18 07:44:43,83,14.6,389,403,231,125,33,14,512,0,96,,false
2025-08-14 00:17:15,2025-08-15 00:17:15,UTC+02:00,2025-08-14 00:17:15,2025-08-14 05:59:58,60,13.2,322,342,126,102,94,20,615,127,94,57,false
2025-08-13 00:22:29,2025-08-14 00:17:15,UTC+02:00,2025-08-13 16:10:00,2025-08-13 17:00:00,21,15.2,46,50,20,26,0,4,631,127,97,,true
2025-08-13 00:22:29,2025-08-14 00:17:15,UTC+02:00,2025-08-13 00:22:29,2025-08-13 05:47:54,50,13.4,313,320,156,133,24,7,653,127,97,45,false
2025-08-12 00:33:00,2025-08-13 00:22:29,UTC+02:00,2025-08-12 00:33:00,2025-08-12 07:47:32,70,13.2,391,434,181,131,79,43,594,53,90,35,false
2025-08-10 21:27:53,2025-08-12 00:33:00,UTC+02:00,2025-08-10 21:27:53,2025-08-11 08:35:03,60,13.2,518,665,262,162,94,147,601,116,77,17,false
2025-08-10 07:06:23,2025-08-10 21:27:53,UTC+02:00,2025-08-10 07:06:23,2025-08-10 11:45:11,17,15.2,219,278,80,116,23,59,453,127,78,14,false
2025-08-08 23:31:09,2025-08-10 07:06:23,UTC+02:00,2025-08-09 10:05:38,2025-08-09 14:41:32,1,15.4,183,275,81,71,31,92,631,127,66,,true
2025-08-08 23:31:09,2025-08-10 07:06:23,UTC+02:00,2025-08-08 23:31:09,2025-08-09 04:37:49,53,13.3,282,306,92,146,44,24,606,127,92,61,false
2025-08-07 23:34:49,2025-08-08 23:31:09,UTC+02:00,2025-08-07 23:34:49,2025-08-08 06:59:55,74,13.8,386,445,159,153,74,59,615,127,86,73,false
2025-08-07 00:05:03,2025-08-07 23:34:49,UTC+02:00,2025-08-07 00:05:03,2025-08-07 06:49:17,51,14.2,327,404,120,150,57,77,652,127,81,67,false
2025-08-06 00:47:46,2025-08-07 00:05:03,UTC+02:00,2025-08-06 00:47:46,2025-08-06 08:14:18,71,13.5,372,445,164,135,73,73,607,122,83,79,false
2025-08-05 00:58:17,2025-08-06 00:47:46,UTC+02:00,2025-08-05 00:58:17,2025-08-05 10:00:00,69,13.6,411,541,200,150,61,130,601,92,75,74,false
2025-08-04 00:18:08,2025-08-05 00:58:17,UTC+02:00,2025-08-04 00:18:08,2025-08-04 08:50:32,76,13.3,424,510,212,136,76,86,567,89,83,73,false
2025-08-02 23:57:24,2025-08-04 00:18:08,UTC+02:00,2025-08-02 23:57:24,2025-08-03 08:49:30,77,13.7,458,529,211,163,84,71,598,117,86,61,false
2025-08-02 01:32:35,2025-08-02 23:57:24,UTC+02:00,2025-08-02 01:32:35,2025-08-02 10:32:22,72,14.8,456,539,187,162,107,83,639,122,84,53,false
2025-07-31 22:39:58,2025-08-02 01:32:35,UTC+02:00,2025-07-31 22:39:58,2025-08-01 06:59:23,73,14.0,469,495,254,133,82,26,660,119,94,41,false
2025-07-31 02:03:43,2025-07-31 22:39:58,UTC+02:00,2025-07-31 02:03:43,2025-07-31 10:49:05,55,15.2,417,521,239,110,68,104,657,127,80,37,false
2025-07-29 23:57:15,2025-07-31 02:03:43,UTC+02:00,2025-07-29 23:57:15,2025-07-30 05:00:04,55,13.6,282,299,129,106,47,17,567,81,94,51,false
2025-07-29 00:09:41,2025-07-29 23:57:15,UTC+02:00,2025-07-29 00:09:41,2025-07-29 09:31:35,74,13.5,484,561,250,151,83,77,610,125,86,51,false
2025-07-27 23:29:50,2025-07-29 00:09:41,UTC+02:00,2025-07-28 12:24:00,2025-07-28 13:24:00,20,15.1,46,60,8,38,0,14,635,125,96,,true
2025-07-27 23:29:50,2025-07-29 00:09:41,UTC+02:00,2025-07-27 23:29:50,2025-07-28 04:44:41,54,14.3,287,314,121,134,32,27,539,114,91,30,false
2025-07-27 00:05:50,2025-07-27 23:29:50,UTC+02:00,2025-07-27 12:00:00,2025-07-27 13:31:00,4,13.9,54,91,23,31,0,37,590,114,59,,true
2025-07-27 00:05:50,2025-07-27 23:29:50,UTC+02:00,2025-07-27 00:05:50,2025-07-27 10:03:18,49,13.9,415,597,188,164,63,182,644,127,69,52,false
2025-07-26 06:28:23,2025-07-27 00:05:50,UTC+02:00,2025-07-26 06:28:23,2025-07-26 09:08:27,18,15.2,140,160,43,87,10,20,664,127,87,33,false
2025-07-25 00:34:05,2025-07-26 06:28:23,UTC+02:00,2025-07-25 00:34:05,2025-07-25 06:55:15,71,14.0,340,381,153,131,56,41,562,77,89,60,false
2025-07-24 00:45:30,2025-07-25 00:34:05,UTC+02:00,2025-07-24 00:45:30,2025-07-24 08:59:38,80,14.3,439,494,180,150,109,55,560,40,88,68,false
2025-07-23 01:22:16,2025-07-24 00:45:30,UTC+02:00,2025-07-23 01:22:16,2025-07-23 09:38:56,80,15.6,455,496,247,138,70,41,517,61,91,56,false
2025-07-22 01:21:43,2025-07-23 01:22:16,UTC+02:00,2025-07-22 13:00:00,2025-07-22 14:15:00,17,17.2,63,75,41,22,0,12,539,61,84,,true
2025-07-22 01:21:43,2025-07-23 01:22:16,UTC+02:00,2025-07-22 01:21:43,2025-07-22 10:03:15,71,15.6,439,521,214,132,93,82,535,83,84,41,false
2025-07-21 00:06:08,2025-07-22 01:21:43,UTC+02:00,2025-07-21 13:36:00,2025-07-21 15:00:00,12,17.3,66,84,23,42,1,18,580,83,79,,true
2025-07-21 00:06:08,2025-07-22 01:21:43,UTC+02:00,2025-07-21 00:06:08,2025-07-21 09:25:01,75,16.5,501,558,245,176,80,57,632,127,89,42,false
2025-07-19 23:28:31,2025-07-21 00:06:08,UTC+02:00,2025-07-19 23:28:31,2025-07-20 04:59:33,53,17.0,319,331,123,167,29,12,607,127,96,23,false
2025-07-19 06:21:21,2025-07-19 23:28:31,UTC+02:00,2025-07-19 06:21:21,2025-07-19 12:08:13,40,16.4,335,346,164,99,72,11,651,127,96,33,false
2025-07-18 03:16:17,2025-07-19 06:21:21,UTC+02:00,2025-07-18 03:16:17,2025-07-18 09:15:00,15,14.5,190,358,109,12,69,168,570,65,53,65,false
2025-07-16 23:46:40,2025-07-18 03:16:17,UTC+02:00,2025-07-16 23:46:40,2025-07-17 08:31:10,78,14.5,509,524,290,133,86,15,610,92,97,55,false
2025-07-16 02:29:33,2025-07-16 23:46:40,UTC+02:00,2025-07-16 02:29:33,2025-07-16 11:01:28,77,15.0,477,511,310,79,88,34,621,95,93,54,false
2025-07-15 01:26:32,2025-07-16 02:29:33,UTC+02:00,2025-07-15 01:26:32,2025-07-15 08:09:49,73,14.5,375,403,183,127,65,28,566,57,93,50,false
2025-07-14 03:12:12,2025-07-15 01:26:32,UTC+02:00,2025-07-14 03:12:12,2025-07-14 10:02:41,73,14.6,388,407,222,113,53,19,503,0,95,35,false
2025-07-12 23:05:15,2025-07-14 03:12:12,UTC+02:00,2025-07-12 23:05:15,2025-07-13 10:09:31,77,14.2,595,661,360,153,82,66,507,127,90,27,false
2025-07-12 00:32:40,2025-07-12 23:05:15,UTC+02:00,2025-07-12 13:30:00,2025-07-12 16:30:00,23,15.9,165,180,66,50,49,15,672,127,92,,true
2025-07-12 00:32:40,2025-07-12 23:05:15,UTC+02:00,2025-07-12 00:32:40,2025-07-12 04:45:01,54,13.7,242,248,109,102,31,6,505,5,97,60,false
2025-07-11 00:00:24,2025-07-12 00:32:40,UTC+02:00,2025-07-11 00:00:24,2025-07-11 09:33:22,81,14.2,545,569,311,162,72,24,553,127,96,51,false
2025-07-10 00:17:10,2025-07-11 00:00:24,UTC+02:00,2025-07-10 18:33:33,2025-07-10 19:36:03,22,16.6,60,62,19,41,0,2,614,127,97,,true
2025-07-10 00:17:10,2025-07-11 00:00:24,UTC+02:00,2025-07-10 00:17:10,2025-07-10 04:02:36,41,16.9,217,225,92,97,28,8,577,62,96,72,false
2025-07-09 00:27:31,2025-07-10 00:17:10,UTC+02:00,2025-07-09 00:27:31,2025-07-09 06:37:37,80,14.2,357,368,229,110,18,11,482,2,97,70,false
2025-07-08 00:28:25,2025-07-09 00:27:31,UTC+02:00,2025-07-08 00:28:25,2025-07-08 09:01:17,95,14.8,497,512,264,139,94,15,501,20,97,85,false
2025-07-07 00:18:28,2025-07-08 00:28:25,UTC+02:00,2025-07-07 00:18:28,2025-07-07 08:33:34,86,13.7,473,495,258,146,69,22,504,22,95,74,false
2025-07-06 00:35:07,2025-07-07 00:18:28,UTC+02:00,2025-07-06 00:35:07,2025-07-06 08:59:20,85,14.3,482,502,290,131,61,20,517,14,96,71,false
2025-07-05 00:19:35,2025-07-06 00:35:07,UTC+02:00,2025-07-05 00:19:35,2025-07-05 08:58:42,80,14.6,480,516,275,119,86,36,509,43,92,53,false
2025-07-04 03:16:31,2025-07-05 00:19:35,UTC+02:00,2025-07-04 18:00:00,2025-07-04 18:30:00,24,16.6,27,30,10,17,0,3,522,43,100,,true
2025-07-04 03:16:31,2025-07-05 00:19:35,UTC+02:00,2025-07-04 03:16:31,2025-07-04 11:28:15,81,15.5,480,491,274,96,110,11,548,68,97,61,false
2025-07-03 01:08:06,2025-07-04 03:16:31,UTC+02:00,2025-07-03 01:08:06,2025-07-03 09:35:41,84,14.5,478,504,253,114,111,26,585,47,94,,false
2025-07-02 01:10:22,2025-07-03 01:08:06,UTC+02:00,2025-07-02 01:10:22,2025-07-02 10:29:55,87,13.9,529,559,331,115,83,30,602,99,94,,false
2025-06-28 12:16:07,2025-06-29 12:16:07,UTC+02:00,2025-06-28 12:16:07,2025-06-28 19:21:30,82,16.2,400,423,210,142,48,23,555,78,94,,false
2025-06-22 00:05:38,2025-06-23 00:05:38,UTC+02:00,2025-06-22 00:05:38,2025-06-22 08:59:39,78,15.0,516,534,268,152,96,18,637,127,96,52,false
2025-06-21 04:47:44,2025-06-22 00:05:38,UTC+02:00,2025-06-21 04:47:44,2025-06-21 09:48:08,31,15.2,265,300,166,65,34,35,672,127,88,30,false
2025-06-19 22:59:12,2025-06-21 04:47:44,UTC+02:00,2025-06-19 22:59:12,2025-06-20 06:29:35,78,15.1,427,447,217,117,93,20,633,127,95,70,false
2025-06-19 00:44:53,2025-06-19 22:59:12,UTC+02:00,2025-06-19 00:44:53,2025-06-19 07:01:15,72,15.7,369,374,155,148,66,5,643,127,98,83,false
2025-06-18 00:41:48,2025-06-19 00:44:53,UTC+02:00,2025-06-18 00:41:48,2025-06-18 06:33:39,64,14.2,334,347,168,128,38,13,631,99,96,71,false
2025-06-17 00:26:18,2025-06-18 00:41:48,UTC+02:00,2025-06-17 00:26:18,2025-06-17 07:59:34,83,14.4,436,453,292,90,54,17,591,58,96,80,false
2025-06-16 00:22:20,2025-06-17 00:26:18,UTC+02:00,2025-06-16 00:22:20,2025-06-16 10:02:59,82,14.6,511,576,244,149,118,65,601,95,88,70,false
2025-06-14 23:34:42,2025-06-16 00:22:20,UTC+02:00,2025-06-14 23:34:42,2025-06-15 07:34:53,77,14.5,475,480,257,147,71,5,624,116,98,53,false
2025-06-13 00:35:03,2025-06-14 23:34:42,UTC+02:00,2025-06-13 00:35:03,2025-06-13 08:39:34,82,14.2,451,481,222,128,101,30,633,116,93,78,false
2025-06-11 23:55:06,2025-06-13 00:35:03,UTC+02:00,2025-06-11 23:55:06,2025-06-12 08:09:42,79,14.6,479,494,265,119,95,15,660,123,96,67,false
2025-06-11 00:11:23,2025-06-11 23:55:06,UTC+02:00,2025-06-11 00:11:23,2025-06-11 06:34:58,74,14.4,368,378,216,104,48,10,560,41,97,55,false
2025-06-10 01:20:04,2025-06-11 00:11:23,UTC+02:00,2025-06-10 01:20:04,2025-06-10 09:31:18,80,14.1,463,488,213,152,98,25,528,0,94,58,false
2025-06-09 00:48:17,2025-06-10 01:20:04,UTC+02:00,2025-06-09 00:48:17,2025-06-09 09:09:08,80,14.6,485,500,248,140,97,15,464,95,96,46,false
2025-06-08 00:18:55,2025-06-09 00:48:17,UTC+02:00,2025-06-08 17:39:03,2025-06-08 19:35:52,23,16.8,110,115,50,59,1,5,575,95,95,,true
2025-06-08 00:18:55,2025-06-09 00:48:17,UTC+02:00,2025-06-08 00:18:55,2025-06-08 06:40:34,75,14.9,371,381,177,132,62,10,520,127,97,47,false
2025-06-07 04:40:49,2025-06-08 00:18:55,UTC+02:00,2025-06-07 10:27:23,2025-06-07 12:00:09,20,14.9,88,92,17,51,20,4,605,127,95,,true
2025-06-07 04:40:49,2025-06-08 00:18:55,UTC+02:00,2025-06-07 04:40:49,2025-06-07 08:18:34,32,15.7,207,215,119,47,41,8,550,33,96,46,false
2025-06-06 00:18:53,2025-06-07 04:40:49,UTC+02:00,2025-06-06 00:18:53,2025-06-06 08:47:26,83,14.4,493,505,234,158,101,12,544,127,97,69,false
2025-06-05 00:25:05,2025-06-06 00:18:53,UTC+02:00,2025-06-05 18:20:00,2025-06-05 19:33:00,24,15.9,66,73,10,56,0,7,611,127,91,,true
2025-06-05 00:25:05,2025-06-06 00:18:53,UTC+02:00,2025-06-05 00:25:05,2025-06-05 06:29:55,61,16.3,335,364,164,114,57,29,647,123,91,67,false
2025-06-04 01:18:52,2025-06-05 00:25:05,UTC+02:00,2025-06-04 01:18:52,2025-06-04 08:37:43,82,14.9,412,438,220,113,79,26,605,62,94,83,false
2025-06-03 00:49:00,2025-06-04 01:18:52,UTC+02:00,2025-06-03 00:49:00,2025-06-03 09:05:32,85,14.9,467,494,211,142,114,27,563,28,94,81,false
2025-06-02 00:36:56,2025-06-03 00:49:00,UTC+02:00,2025-06-02 00:36:56,2025-06-02 08:57:48,85,14.7,482,500,250,169,63,18,527,45,96,72,false
2025-05-31 23:41:04,2025-06-02 00:36:56,UTC+02:00,2025-05-31 23:41:04,2025-06-01 09:05:51,81,15.1,540,561,281,138,121,21,610,127,96,60,false
2025-05-31 01:16:37,2025-05-31 23:41:04,UTC+02:00,2025-05-31 01:16:37,2025-05-31 06:30:01,57,16.2,296,311,114,122,60,15,607,108,95,68,false
2025-05-30 00:04:28,2025-05-31 01:16:37,UTC+02:00,2025-05-30 12:20:00,2025-05-30 12:46:00,17,17.3,25,26,8,17,0,1,599,108,97,,true
2025-05-30 00:04:28,2025-05-31 01:16:37,UTC+02:00,2025-05-30 00:04:28,2025-05-30 06:59:45,79,14.9,399,415,272,77,50,16,568,109,96,69,false
2025-05-29 00:51:02,2025-05-30 00:04:28,UTC+02:00,2025-05-29 13:10:00,2025-05-29 14:15:00,24,16.8,64,65,18,40,6,1,587,109,99,,true
2025-05-29 00:51:02,2025-05-30 00:04:28,UTC+02:00,2025-05-29 00:51:02,2025-05-29 06:36:38,71,14.2,329,338,178,110,41,9,549,18,97,63,false
2025-05-28 00:04:21,2025-05-29 00:51:02,UTC+02:00,2025-05-28 00:04:21,2025-05-28 08:59:49,85,14.2,500,535,283,137,80,35,530,36,93,71,false
2025-05-27 00:08:08,2025-05-28 00:04:21,UTC+02:00,2025-05-27 00:08:08,2025-05-27 09:08:53,80,14.1,519,540,313,127,79,21,576,39,96,57,false
2025-05-26 00:33:43,2025-05-27 00:08:08,UTC+02:00,2025-05-26 00:33:43,2025-05-26 08:03:08,78,14.0,432,445,274,98,60,13,493,0,97,46,false
2025-05-25 00:29:48,2025-05-26 00:33:43,UTC+02:00,2025-05-25 00:29:48,2025-05-25 09:59:53,77,14.2,522,570,290,141,91,48,443,127,91,30,false
2025-05-24 07:24:34,2025-05-25 00:29:48,UTC+02:00,2025-05-24 15:20:00,2025-05-24 19:05:00,22,17.2,202,225,44,133,25,23,645,127,96,,true
2025-05-24 07:24:34,2025-05-25 00:29:48,UTC+02:00,2025-05-24 07:24:34,2025-05-24 10:32:01,11,17.4,152,183,84,59,9,31,590,90,83,28,false
2025-05-23 00:57:06,2025-05-24 07:24:34,UTC+02:00,2025-05-23 00:57:06,2025-05-23 08:35:10,85,15.5,443,452,219,123,101,9,583,52,98,86,false
2025-05-22 00:32:30,2025-05-23 00:57:06,UTC+02:00,2025-05-22 00:32:30,2025-05-22 09:24:07,88,14.1,507,527,252,128,127,20,588,64,96,84,false
2025-05-21 01:00:05,2025-05-22 00:32:30,UTC+02:00,2025-05-21 01:00:05,2025-05-21 09:16:08,81,14.2,446,489,227,118,101,43,546,0,91,68,false
2025-05-19 23:46:58,2025-05-21 01:00:05,UTC+02:00,2025-05-19 23:46:58,2025-05-20 09:07:55,82,14.4,523,557,315,118,90,34,510,0,93,56,false
2025-05-19 00:16:14,2025-05-19 23:46:58,UTC+02:00,2025-05-19 00:16:14,2025-05-19 08:39:30,81,13.8,488,501,282,125,81,13,480,0,97,50,false
2025-05-18 00:37:37,2025-05-19 00:16:14,UTC+02:00,2025-05-18 00:37:37,2025-05-18 10:02:53,77,14.2,547,562,295,146,106,15,516,38,97,25,false
2025-05-17 14:00:45,2025-05-18 00:37:37,UTC+02:00,2025-05-17 14:00:45,2025-05-17 19:13:11,72,15.8,303,312,142,96,65,9,381,10,97,12,false
2025-05-16 00:17:48,2025-05-17 14:00:45,UTC+02:00,2025-05-17 05:53:50,2025-05-17 07:59:46,14,17.3,120,121,41,76,3,1,503,10,98,,true
2025-05-16 00:17:48,2025-05-17 14:00:45,UTC+02:00,2025-05-16 00:17:48,2025-05-16 09:00:46,89,14.4,495,522,278,142,75,27,511,11,94,77,false
2025-05-15 00:59:34,2025-05-16 00:17:48,UTC+02:00,2025-05-15 00:59:34,2025-05-15 09:35:19,83,14.5,499,514,264,123,112,15,516,0,96,64,false
2025-05-14 00:04:43,2025-05-15 00:59:34,UTC+02:00,2025-05-14 00:04:43,2025-05-14 09:59:47,82,15.3,577,594,360,136,81,17,552,48,97,55,false
2025-05-12 23:15:38,2025-05-14 00:04:43,UTC+02:00,2025-05-13 14:20:00,2025-05-13 14:51:00,26,17.7,29,31,7,22,0,2,551,48,100,,true
2025-05-12 23:15:38,2025-05-14 00:04:43,UTC+02:00,2025-05-12 23:15:38,2025-05-13 07:12:27,81,15.0,460,473,234,138,88,13,556,73,97,66,false
2025-05-11 23:54:59,2025-05-12 23:15:38,UTC+02:00,2025-05-12 12:15:00,2025-05-12 13:02:00,25,15.9,40,47,8,32,0,7,576,73,95,,true
2025-05-11 23:54:59,2025-05-12 23:15:38,UTC+02:00,2025-05-11 23:54:59,2025-05-12 07:09:31,81,15.1,420,434,196,126,98,14,566,51,96,72,false
2025-05-11 00:24:44,2025-05-11 23:54:59,UTC+02:00,2025-05-11 00:24:44,2025-05-11 07:59:56,81,15.1,447,455,213,137,97,8,549,103,98,66,false
2025-05-10 00:27:56,2025-05-11 00:24:44,UTC+02:00,2025-05-10 17:40:00,2025-05-10 19:11:00,12,17.9,67,91,36,31,0,24,617,103,74,,true
2025-05-10 00:27:56,2025-05-11 00:24:44,UTC+02:00,2025-05-10 00:27:56,2025-05-10 06:32:43,74,15.1,340,357,180,124,36,17,547,58,95,68,false
2025-05-09 01:18:50,2025-05-10 00:27:56,UTC+02:00,2025-05-09 01:18:50,2025-05-09 08:23:45,83,14.5,411,424,219,117,75,13,528,38,96,77,false
2025-05-08 00:55:13,2025-05-09 01:18:50,UTC+02:00,2025-05-08 00:55:13,2025-05-08 09:18:58,86,14.2,481,503,278,125,78,22,542,42,95,78,false
2025-05-07 00:23:55,2025-05-08 00:55:13,UTC+02:00,2025-05-07 00:23:55,2025-05-07 09:31:53,83,14.5,515,542,334,103,78,27,599,96,95,72,false
2025-05-06 00:08:02,2025-05-07 00:23:55,UTC+02:00,2025-05-06 12:08:00,2025-05-06 12:50:00,23,16.5,35,42,10,25,0,7,599,96,84,,true
2025-05-06 00:08:02,2025-05-07 00:23:55,UTC+02:00,2025-05-06 00:08:02,2025-05-06 06:59:29,81,14.3,403,411,215,125,63,8,597,47,98,80,false
2025-05-05 00:20:29,2025-05-06 00:08:02,UTC+02:00,2025-05-05 00:20:29,2025-05-05 08:41:49,87,13.9,484,498,266,134,84,14,558,48,97,86,false
2025-05-04 00:12:45,2025-05-05 00:20:29,UTC+02:00,2025-05-04 00:12:45,2025-05-04 09:13:01,87,14.1,516,540,292,118,106,24,592,79,95,,false
2025-05-03 00:19:26,2025-05-04 00:12:45,UTC+02:00,2025-05-03 00:19:26,2025-05-03 06:59:50,71,14.3,391,400,208,133,50,9,549,24,97,,false
2025-04-23 23:56:00,2025-04-24 23:56:00,UTC+03:00,2025-04-23 23:56:00,2025-04-24 09:03:28,93,14.7,524,543,325,122,77,19,562,80,96,64,false
2025-04-23 02:15:07,2025-04-23 22:56:00,UTC+02:00,2025-04-23 02:15:07,2025-04-23 08:08:54,68,14.3,346,351,193,109,44,5,508,25,98,67,false
2025-04-22 00:15:51,2025-04-23 02:15:07,UTC+02:00,2025-04-22 00:15:51,2025-04-22 08:26:08,92,14.4,470,490,231,142,97,20,510,84,95,67,false
2025-04-21 01:14:55,2025-04-22 00:15:51,UTC+02:00,2025-04-21 12:30:00,2025-04-21 14:00:00,14,15.6,77,90,10,67,0,13,573,84,92,,true
2025-04-21 01:14:55,2025-04-22 00:15:51,UTC+02:00,2025-04-21 01:14:55,2025-04-21 08:57:48,73,14.9,456,462,257,92,107,6,625,88,98,73,false
2025-04-19 23:57:35,2025-04-21 01:14:55,UTC+02:00,2025-04-19 23:57:35,2025-04-20 09:05:04,79,14.7,527,545,234,154,139,18,666,127,96,72,false
2025-04-19 00:45:07,2025-04-19 23:57:35,UTC+02:00,2025-04-19 00:45:07,2025-04-19 05:59:58,53,14.5,310,314,155,117,38,4,589,53,98,78,false
2025-04-17 23:26:43,2025-04-19 00:45:07,UTC+02:00,2025-04-17 23:26:43,2025-04-18 08:31:48,86,13.9,518,543,340,95,83,25,601,71,95,71,false
2025-04-17 00:08:58,2025-04-17 23:26:43,UTC+02:00,2025-04-17 00:08:58,2025-04-17 07:35:30,75,13.7,425,444,189,129,107,19,567,59,95,68,false
2025-04-16 00:24:17,2025-04-17 00:08:58,UTC+02:00,2025-04-16 00:24:17,2025-04-16 07:09:30,77,14.1,396,405,230,124,42,9,514,29,97,72,false
2025-04-15 00:50:40,2025-04-16 00:24:17,UTC+02:00,2025-04-15 00:50:40,2025-04-15 09:20:11,91,14.1,485,505,232,146,107,20,532,19,96,67,false
2025-04-14 01:16:34,2025-04-15 00:50:40,UTC+02:00,2025-04-14 01:16:34,2025-04-14 09:50:50,94,13.7,484,501,255,132,97,17,515,127,96,51,false
2025-04-13 00:31:46,2025-04-14 01:16:34,UTC+02:00,2025-04-13 16:59:06,2025-04-13 18:05:54,11,16.4,66,66,32,34,0,0,580,127,99,,true
2025-04-13 00:31:46,2025-04-14 01:16:34,UTC+02:00,2025-04-13 10:14:00,2025-04-13 11:14:00,9,14.9,55,60,23,32,0,5,622,127,92,,true
2025-04-13 00:31:46,2025-04-14 01:16:34,UTC+02:00,2025-04-13 00:31:46,2025-04-13 05:44:41,50,14.8,299,312,125,121,53,13,595,62,95,80,false
2025-04-12 01:38:31,2025-04-13 00:31:46,UTC+02:00,2025-04-12 01:38:31,2025-04-12 09:01:13,76,14.3,403,441,167,154,82,38,528,0,91,79,false
2025-04-10 23:58:58,2025-04-12 01:38:31,UTC+02:00,2025-04-10 23:58:58,2025-04-11 09:49:10,100,14.1,521,588,268,167,86,67,510,29,88,83,false
2025-04-10 00:44:06,2025-04-10 23:58:58,UTC+02:00,2025-04-10 00:44:06,2025-04-10 10:11:46,92,14.4,536,567,283,113,140,31,582,43,94,80,false
2025-04-09 01:10:29,2025-04-10 00:44:06,UTC+02:00,2025-04-09 01:10:29,2025-04-09 10:25:10,89,14.7,525,554,258,133,134,29,593,50,94,73,false
2025-04-07 23:56:23,2025-04-09 01:10:29,UTC+02:00,2025-04-07 23:56:23,2025-04-08 09:00:01,87,13.8,522,543,290,137,95,21,601,69,96,79,false
2025-04-07 01:35:46,2025-04-07 23:56:23,UTC+02:00,2025-04-07 01:35:46,2025-04-07 08:35:23,75,14.4,409,417,203,131,75,8,547,53,98,82,false
2025-04-06 01:36:11,2025-04-07 01:35:46,UTC+02:00,2025-04-06 01:36:11,2025-04-06 09:22:52,81,14.5,447,459,228,138,81,12,555,13,97,73,false
2025-04-04 23:51:56,2025-04-06 01:36:11,UTC+02:00,2025-04-04 23:51:56,2025-04-05 08:48:50,96,14.1,522,536,250,171,101,14,543,53,97,77,false
2025-04-04 00:41:23,2025-04-04 23:51:56,UTC+02:00,2025-04-04 00:41:23,2025-04-04 08:27:38,84,14.3,440,461,210,153,77,21,523,0,95,73,false
2025-04-03 00:28:21,2025-04-04 00:41:23,UTC+02:00,2025-04-03 00:28:21,2025-04-03 10:06:36,100,14.1,544,578,354,101,89,34,481,0,94,65,false
2025-04-02 00:04:16,2025-04-03 00:28:21,UTC+02:00,2025-04-02 00:04:16,2025-04-02 09:58:44,100,14.4,552,589,334,138,80,37,520,90,93,48,false
2025-03-31 23:51:42,2025-04-02 00:04:16,UTC+02:00,2025-04-01 13:36:00,2025-04-01 15:15:00,15,15.9,92,99,48,33,11,7,603,90,93,,true
2025-03-31 23:51:42,2025-04-02 00:04:16,UTC+02:00,2025-03-31 23:51:42,2025-04-01 07:48:44,72,15.1,455,471,196,121,138,16,636,101,96,59,false
2025-03-30 23:29:00,2025-03-31 23:51:42,UTC+02:00,2025-03-30 23:29:00,2025-03-31 07:02:48,68,14.5,426,435,252,118,56,9,629,127,97,41,false
2025-03-30 01:45:27,2025-03-30 23:29:00,UTC+02:00,2025-03-30 01:45:27,2025-03-30 06:48:12,51,14.9,292,296,115,120,57,4,575,39,98,81,false
2025-03-29 01:15:12,2025-03-30 00:45:27,UTC+01:00,2025-03-29 01:15:12,2025-03-29 10:07:20,86,14.4,486,531,255,139,92,45,565,50,91,85,false
2025-03-28 01:17:42,2025-03-29 01:15:12,UTC+01:00,2025-03-28 01:17:42,2025-03-28 09:05:23,81,14.2,440,462,194,128,118,22,542,62,95,90,false
2025-03-27 01:01:18,2025-03-28 01:17:42,UTC+01:00,2025-03-27 01:01:18,2025-03-27 09:33:13,80,14.1,493,508,261,139,93,15,617,91,97,85,false
2025-03-26 01:18:37,2025-03-27 01:01:18,UTC+01:00,2025-03-26 01:18:37,2025-03-26 07:45:33,66,14.5,359,381,182,118,59,22,543,22,94,92,false
2025-03-25 01:20:58,2025-03-26 01:18:37,UTC+01:00,2025-03-25 01:20:58,2025-03-25 09:35:05,91,14.3,474,488,268,140,66,14,518,0,97,86,false
2025-03-24 01:30:31,2025-03-25 01:20:58,UTC+01:00,2025-03-24 01:30:31,2025-03-24 09:56:22,100,14.2,477,500,275,136,66,23,479,0,95,81,false
2025-03-23 00:51:32,2025-03-24 01:30:31,UTC+01:00,2025-03-23 00:51:32,2025-03-23 09:29:41,100,14.1,487,518,271,141,75,31,478,0,94,83,false
2025-03-21 23:16:30,2025-03-23 00:51:32,UTC+01:00,2025-03-21 23:16:30,2025-03-22 09:21:00,100,14.1,567,586,317,141,109,19,546,15,96,74,false
2025-03-21 00:40:05,2025-03-21 23:16:30,UTC+01:00,2025-03-21 00:40:05,2025-03-21 09:31:13,95,14.1,510,528,255,155,100,18,534,28,96,76,false
2025-03-20 01:27:37,2025-03-21 00:40:05,UTC+01:00,2025-03-20 01:27:37,2025-03-20 10:15:23,92,14.4,499,509,278,135,86,10,543,31,98,62,false
2025-03-18 23:48:04,2025-03-20 01:27:37,UTC+01:00,2025-03-18 23:48:04,2025-03-19 07:41:02,90,14.7,456,470,228,162,66,14,505,9,97,64,false
2025-03-18 00:44:14,2025-03-18 23:48:04,UTC+01:00,2025-03-18 00:44:14,2025-03-18 09:08:57,97,14.6,490,502,267,139,84,12,504,0,97,63,false
2025-03-17 00:15:59,2025-03-18 00:44:14,UTC+01:00,2025-03-17 00:15:59,2025-03-17 09:44:08,100,14.2,544,568,286,119,139,24,519,127,95,48,false
2025-03-16 05:54:47,2025-03-17 00:15:59,UTC+01:00,2025-03-16 15:28:42,2025-03-16 16:59:04,14,17.3,87,89,30,45,12,2,606,127,98,,true
2025-03-16 05:54:47,2025-03-17 00:15:59,UTC+01:00,2025-03-16 05:54:47,2025-03-16 10:44:38,47,16.5,260,289,167,75,18,29,559,34,90,38,false
2025-03-15 00:59:08,2025-03-16 05:54:47,UTC+01:00,2025-03-15 00:59:08,2025-03-15 08:59:48,87,14.7,465,480,271,127,67,15,534,0,96,72,false
2025-03-14 00:14:51,2025-03-15 00:59:08,UTC+01:00,2025-03-14 00:14:51,2025-03-14 11:05:41,100,14.7,615,639,433,101,81,24,509,0,96,73,false
2025-03-13 00:39:48,2025-03-14 00:14:51,UTC+01:00,2025-03-13 00:39:48,2025-03-13 09:24:12,100,14.9,495,514,294,131,70,19,492,0,96,80,false
2025-03-12 00:01:17,2025-03-13 00:39:48,UTC+01:00,2025-03-12 00:01:17,2025-03-12 09:06:21,100,14.6,523,545,304,142,77,22,503,9,96,72,false
2025-03-11 00:45:27,2025-03-12 00:01:17,UTC+01:00,2025-03-11 00:45:27,2025-03-11 09:29:22,97,14.6,501,522,304,124,73,21,516,37,95,63,false
2025-03-09 23:04:05,2025-03-11 00:45:27,UTC+01:00,2025-03-09 23:04:05,2025-03-10 08:23:06,90,15.4,549,559,264,158,127,10,607,127,98,52,false
2025-03-09 06:04:07,2025-03-09 23:04:05,UTC+01:00,2025-03-09 06:04:07,2025-03-09 10:06:52,43,18.0,232,240,133,75,24,8,544,0,96,33,false
2025-03-07 23:52:02,2025-03-09 06:04:07,UTC+01:00,2025-03-07 23:52:02,2025-03-08 09:03:51,100,15.0,530,543,326,135,69,13,483,0,97,,false
2025-03-06 23:33:14,2025-03-07 23:52:02,UTC+01:00,2025-03-06 23:33:14,2025-03-07 09:09:04,100,14.3,562,575,295,127,140,13,515,0,97,,false
