Cycle start time,Cycle end time,Cycle timezone,Workout start time,Workout end time,Duration (min),Activity name,Activity Strain,Energy burned (cal),Max HR (bpm),Average HR (bpm),HR Zone 1 %,HR Zone 2 %,HR Zone 3 %,HR Zone 4 %,HR Zone 5 %,GPS enabled
2026-07-14 23:38:48,2026-07-16 00:33:22,UTC+02:00,2026-07-15 16:14:00,2026-07-15 17:51:58,97,Running,16.3,1038.0,200,135,41,22,10,6,13,false
2026-07-13 23:31:17,2026-07-14 23:38:48,UTC+02:00,2026-07-14 07:08:00,2026-07-14 08:42:59,94,Weightlifting,11.9,251.0,145,86,27,0,0,0,0,false
2026-07-12 23:44:45,2026-07-13 23:31:17,UTC+02:00,2026-07-13 17:26:00,2026-07-13 17:43:59,17,Walking,4.5,54.0,109,94,21,0,0,0,0,false
2026-07-12 23:44:45,2026-07-13 23:31:17,UTC+02:00,2026-07-13 12:49:00,2026-07-13 13:30:59,41,Hiking,4.7,88.0,122,87,8,0,0,0,0,false
2026-07-12 23:44:45,2026-07-13 23:31:17,UTC+02:00,2026-07-13 07:37:00,2026-07-13 09:30:59,113,Activity,11.8,742.0,164,113,58,19,4,0,0,false
2026-07-11 01:10:42,2026-07-12 05:53:44,UTC+02:00,2026-07-12 03:12:00,2026-07-12 04:40:59,88,Activity,6.8,297.0,127,95,38,0,0,0,0,false
2026-07-11 01:10:42,2026-07-12 05:53:44,UTC+02:00,2026-07-12 01:02:00,2026-07-12 02:48:59,106,Dance,9.3,564.0,135,106,87,0,0,0,0,false
2026-07-09 23:35:01,2026-07-11 01:10:42,UTC+02:00,2026-07-10 20:33:00,2026-07-10 21:30:59,57,Hiking,5.5,154.0,125,92,18,0,0,0,0,false
2026-07-09 23:35:01,2026-07-11 01:10:42,UTC+02:00,2026-07-10 18:21:00,2026-07-10 18:36:59,15,Hiking,4.5,51.0,115,95,34,0,0,0,0,false
2026-07-09 23:35:01,2026-07-11 01:10:42,UTC+02:00,2026-07-10 16:46:00,2026-07-10 17:15:59,29,Activity,5.3,131.0,137,101,63,0,0,0,0,false
2026-07-09 23:35:01,2026-07-11 01:10:42,UTC+02:00,2026-07-10 15:05:00,2026-07-10 16:32:59,87,Ice Hockey,12.3,720.0,180,122,58,22,11,1,0,false
2026-07-09 00:13:58,2026-07-09 23:35:01,UTC+02:00,2026-07-09 16:57:00,2026-07-09 20:27:59,210,Golf,9.8,684.0,135,94,38,0,0,0,0,false
2026-07-09 00:13:58,2026-07-09 23:35:01,UTC+02:00,2026-07-09 07:48:00,2026-07-09 08:46:59,58,Weightlifting,11.6,165.0,138,89,29,1,0,0,0,false
2026-07-09 00:13:58,2026-07-09 23:35:01,UTC+02:00,2026-07-09 07:11:00,2026-07-09 07:37:59,26,Weightlifting,7.0,58.0,141,83,16,0,0,0,0,false
2026-07-06 02:39:45,2026-07-06 23:52:17,UTC+02:00,2026-07-06 18:53:00,2026-07-06 19:10:59,17,Walking,4.1,35.0,137,75,10,0,0,0,0,false
2026-07-06 02:39:45,2026-07-06 23:52:17,UTC+02:00,2026-07-06 14:04:00,2026-07-06 14:40:49,36,Activity,6.1,188.0,157,102,47,10,1,0,0,false
2026-07-06 02:39:45,2026-07-06 23:52:17,UTC+02:00,2026-07-06 10:11:00,2026-07-06 10:34:59,23,Activity,4.2,47.0,111,83,8,0,0,0,0,false
2026-07-04 00:41:11,2026-07-05 01:34:13,UTC+02:00,2026-07-04 12:55:00,2026-07-04 13:13:59,18,Hiking,4.0,33.0,123,74,6,0,0,0,0,false
2026-07-04 00:41:11,2026-07-05 01:34:13,UTC+02:00,2026-07-04 10:52:00,2026-07-04 11:16:59,24,Activity,2.9,38.0,99,71,0,0,0,0,0,false
2026-07-03 00:08:26,2026-07-04 00:41:11,UTC+02:00,2026-07-03 16:30:00,2026-07-03 16:52:59,22,Activity,5.1,92.0,161,94,23,6,6,0,0,false
2026-07-01 22:57:24,2026-07-03 00:08:26,UTC+02:00,2026-07-02 16:22:00,2026-07-02 16:48:59,26,Activity,5.3,126.0,147,102,54,5,0,0,0,false
2026-07-01 22:57:24,2026-07-03 00:08:26,UTC+02:00,2026-07-02 15:35:00,2026-07-02 16:07:59,32,Activity,4.6,73.0,125,86,11,0,0,0,0,false
2026-07-01 22:57:24,2026-07-03 00:08:26,UTC+02:00,2026-07-02 09:58:00,2026-07-02 10:28:59,30,Activity,4.6,76.0,122,89,21,0,0,0,0,false
2026-07-01 01:52:06,2026-07-01 22:57:24,UTC+02:00,2026-07-01 20:39:00,2026-07-01 21:03:59,24,Activity,4.0,42.0,131,79,5,0,0,0,0,false
2026-06-30 00:34:04,2026-07-01 01:52:06,UTC+02:00,2026-06-30 18:06:00,2026-06-30 21:42:59,216,Golf,9.4,624.0,154,90,20,2,0,0,0,false
2026-06-30 00:34:04,2026-07-01 01:52:06,UTC+02:00,2026-06-30 17:02:00,2026-06-30 17:39:59,37,Weightlifting,9.3,116.0,131,93,33,0,0,0,0,false
2026-06-30 00:34:04,2026-07-01 01:52:06,UTC+02:00,2026-06-30 16:05:00,2026-06-30 16:47:59,42,Weightlifting,9.8,113.0,138,85,27,0,0,0,0,false
2026-06-30 00:34:04,2026-07-01 01:52:06,UTC+02:00,2026-06-30 11:26:00,2026-06-30 11:53:59,27,Walking,4.3,50.0,114,86,1,0,0,0,0,false
2026-06-29 00:58:02,2026-06-30 00:34:04,UTC+02:00,2026-06-29 16:07:00,2026-06-29 18:22:59,135,Strength Trainer,10.8,695.0,164,102,50,11,1,0,0,false
2026-06-27 23:29:00,2026-06-29 00:58:02,UTC+02:00,2026-06-28 20:16:00,2026-06-28 21:58:59,102,Ice Hockey,11.4,698.0,158,114,60,20,2,0,0,false
2026-06-27 23:29:00,2026-06-29 00:58:02,UTC+02:00,2026-06-28 11:58:00,2026-06-28 12:42:59,44,Activity,4.6,95.0,122,85,12,0,0,0,0,false
2026-06-27 23:29:00,2026-06-29 00:58:02,UTC+02:00,2026-06-28 09:16:00,2026-06-28 11:06:16,110,Pickleball,12.4,862.0,150,119,77,16,0,0,0,false
2026-06-27 01:48:58,2026-06-27 23:29:00,UTC+02:00,2026-06-27 08:28:00,2026-06-27 10:56:59,148,Pickleball,11.9,901.0,151,110,80,6,0,0,0,false
2026-06-25 23:45:56,2026-06-27 01:48:58,UTC+02:00,2026-06-26 20:16:00,2026-06-26 22:17:59,121,Ice Hockey,10.6,683.0,148,107,71,5,0,0,0,false
2026-06-25 23:45:56,2026-06-27 01:48:58,UTC+02:00,2026-06-26 17:16:00,2026-06-26 17:28:59,12,Activity,4.4,43.0,115,95,33,0,0,0,0,false
2026-06-25 23:45:56,2026-06-27 01:48:58,UTC+02:00,2026-06-26 15:06:00,2026-06-26 15:56:59,50,Pickleball,10.0,456.0,164,126,54,35,4,0,0,false
2026-06-25 23:45:56,2026-06-27 01:48:58,UTC+02:00,2026-06-26 09:50:00,2026-06-26 10:07:59,17,Pickleball,4.1,35.0,120,79,9,0,0,0,0,false
2026-06-25 00:18:24,2026-06-25 23:45:56,UTC+02:00,2026-06-25 16:35:00,2026-06-25 20:42:59,247,Golf,10.3,741.0,142,92,27,0,0,0,0,false
2026-06-25 00:18:24,2026-06-25 23:45:56,UTC+02:00,2026-06-25 11:30:00,2026-06-25 12:21:59,51,Activity,7.2,307.0,158,109,89,2,0,0,0,false
2026-06-25 00:18:24,2026-06-25 23:45:56,UTC+02:00,2026-06-25 10:28:00,2026-06-25 11:14:59,46,Yard Work/Gardening,5.3,137.0,135,92,24,0,0,0,0,false
2026-06-23 23:00:52,2026-06-25 00:18:24,UTC+02:00,2026-06-24 09:17:00,2026-06-24 10:18:59,61,Pickleball,6.4,236.0,148,97,40,1,0,0,0,false
2026-06-23 00:53:50,2026-06-23 23:00:52,UTC+02:00,2026-06-23 11:57:00,2026-06-23 12:10:59,13,Padel,4.3,40.0,113,91,26,0,0,0,0,false
2026-06-23 00:53:50,2026-06-23 23:00:52,UTC+02:00,2026-06-23 08:36:00,2026-06-23 11:40:59,184,Pickleball,13.7,1158.0,160,110,52,17,2,0,0,false
2026-06-21 23:35:17,2026-06-23 00:53:50,UTC+02:00,2026-06-22 19:52:00,2026-06-22 21:16:31,84,Pickleball,8.7,466.0,154,107,74,4,0,0,0,false
2026-06-19 02:02:12,2026-06-20 04:48:13,UTC+02:00,2026-06-20 03:48:00,2026-06-20 04:10:59,22,Activity,4.0,36.0,97,79,0,0,0,0,0,false
2026-06-19 02:02:12,2026-06-20 04:48:13,UTC+02:00,2026-06-20 02:14:00,2026-06-20 03:15:59,61,Hiking,4.4,105.0,121,81,2,0,0,0,0,false
2026-06-19 02:02:12,2026-06-20 04:48:13,UTC+02:00,2026-06-20 00:29:00,2026-06-20 00:58:59,29,Dance,4.4,61.0,124,86,6,0,0,0,0,false
2026-06-19 02:02:12,2026-06-20 04:48:13,UTC+02:00,2026-06-19 23:38:00,2026-06-19 23:54:59,16,Activity,4.3,37.0,120,88,7,0,0,0,0,false
2026-06-19 02:02:12,2026-06-20 04:48:13,UTC+02:00,2026-06-19 20:25:00,2026-06-19 23:02:59,157,Ice Hockey,7.8,412.0,137,90,10,0,0,0,0,false
2026-06-19 02:02:12,2026-06-20 04:48:13,UTC+02:00,2026-06-19 09:57:00,2026-06-19 11:56:59,119,Golf,8.3,454.0,130,98,41,0,0,0,0,false
2026-06-18 00:42:40,2026-06-19 02:02:12,UTC+02:00,2026-06-18 19:24:00,2026-06-18 20:33:59,69,Pickleball,8.5,426.0,147,109,79,3,0,0,0,false
2026-06-18 00:42:40,2026-06-19 02:02:12,UTC+02:00,2026-06-18 09:19:00,2026-06-18 10:47:59,88,Weightlifting,12.8,382.0,146,100,43,2,0,0,0,false
2026-06-16 23:53:07,2026-06-18 00:42:40,UTC+02:00,2026-06-17 16:06:00,2026-06-17 17:28:25,82,Activity,14.8,754.0,187,127,57,5,1,17,6,false
2026-06-15 22:51:35,2026-06-16 23:53:07,UTC+02:00,2026-06-16 17:39:00,2026-06-16 20:58:59,199,Golf,6.2,414.0,151,80,6,1,0,0,0,false
2026-06-15 22:51:35,2026-06-16 23:53:07,UTC+02:00,2026-06-16 08:05:00,2026-06-16 08:22:59,17,Weightlifting,5.0,48.0,119,92,21,0,0,0,0,false
2026-06-15 22:51:35,2026-06-16 23:53:07,UTC+02:00,2026-06-16 06:59:00,2026-06-16 07:25:59,26,Weightlifting,7.2,75.0,130,89,27,0,0,0,0,false
2026-06-15 00:30:33,2026-06-15 22:51:35,UTC+02:00,2026-06-15 16:03:00,2026-06-15 17:50:59,107,Strength Trainer,8.6,468.0,160,95,41,8,1,0,0,false
2026-06-14 00:23:01,2026-06-15 00:30:33,UTC+02:00,2026-06-14 19:17:00,2026-06-14 21:16:59,119,Golf,5.9,291.0,133,85,18,0,0,0,0,false
2026-06-13 02:16:59,2026-06-14 00:23:01,UTC+02:00,2026-06-13 10:48:00,2026-06-13 12:55:59,127,Golf,6.2,297.0,147,86,10,0,0,0,0,false
2026-06-12 00:00:57,2026-06-13 02:16:59,UTC+02:00,2026-06-12 20:15:00,2026-06-12 21:46:59,91,Ice Hockey,10.7,627.0,166,114,69,14,2,0,0,false
2026-06-12 00:00:57,2026-06-13 02:16:59,UTC+02:00,2026-06-12 15:58:00,2026-06-12 17:39:59,101,Strength Trainer,9.8,521.0,170,103,38,14,2,0,0,false
2026-06-12 00:00:57,2026-06-13 02:16:59,UTC+02:00,2026-06-12 12:00:00,2026-06-12 13:06:59,66,Yard Work/Gardening,6.2,228.0,115,96,33,0,0,0,0,false
2026-06-11 00:07:08,2026-06-12 00:00:57,UTC+02:00,2026-06-11 18:58:00,2026-06-11 20:07:59,69,Ice Hockey,8.3,403.0,151,108,70,5,0,0,0,false
2026-06-11 00:07:08,2026-06-12 00:00:57,UTC+02:00,2026-06-11 07:11:00,2026-06-11 08:36:59,85,Weightlifting,12.8,382.0,157,100,52,4,0,0,0,false
2026-06-10 00:41:36,2026-06-11 00:07:08,UTC+02:00,2026-06-10 15:39:00,2026-06-10 16:41:59,62,Weightlifting,14.6,559.0,174,126,44,17,22,5,0,false
2026-06-08 21:59:52,2026-06-10 00:41:36,UTC+02:00,2026-06-09 08:15:00,2026-06-09 08:44:00,29,Activity,4.5,74.0,124,85,22,0,0,0,0,false
2026-06-08 21:59:52,2026-06-10 00:41:36,UTC+02:00,2026-06-09 07:06:00,2026-06-09 07:30:59,24,Weightlifting,6.6,63.0,122,83,21,0,0,0,0,false
2026-06-07 23:12:20,2026-06-08 21:59:52,UTC+02:00,2026-06-08 16:48:00,2026-06-08 17:38:59,50,Strength Trainer,6.1,205.0,158,92,30,9,2,0,0,false
2026-06-07 23:12:20,2026-06-08 21:59:52,UTC+02:00,2026-06-08 16:02:00,2026-06-08 16:29:59,27,Activity,5.7,138.0,152,102,28,19,0,0,0,false
2026-06-07 07:07:49,2026-06-07 23:12:20,UTC+02:00,2026-06-07 19:00:00,2026-06-07 20:28:59,88,Paddle Tennis,7.0,310.0,130,96,39,0,0,0,0,false
2026-06-06 01:27:16,2026-06-07 07:07:49,UTC+02:00,2026-06-07 05:32:00,2026-06-07 06:35:59,63,Weightlifting,14.2,518.0,172,121,41,20,16,1,0,false
2026-06-06 01:27:16,2026-06-07 07:07:49,UTC+02:00,2026-06-07 02:01:00,2026-06-07 03:49:59,108,Hot Yoga,13.2,537.0,153,105,53,8,0,0,0,false
2026-06-06 01:27:16,2026-06-07 07:07:49,UTC+02:00,2026-06-07 00:13:00,2026-06-07 01:46:59,93,Activity,7.6,379.0,139,99,53,0,0,0,0,false
2026-06-06 01:27:16,2026-06-07 07:07:49,UTC+02:00,2026-06-06 21:50:00,2026-06-06 22:06:59,16,Hiking,4.7,60.0,155,93,10,10,3,0,0,false
2026-06-05 00:22:44,2026-06-06 01:27:16,UTC+02:00,2026-06-05 22:08:00,2026-06-05 22:32:59,24,Ice Hockey,4.9,94.0,123,98,52,0,0,0,0,false
2026-06-05 00:22:44,2026-06-06 01:27:16,UTC+02:00,2026-06-05 20:25:00,2026-06-05 21:51:59,86,Ice Hockey,11.1,611.0,171,116,51,20,4,0,0,false
2026-06-05 00:22:44,2026-06-06 01:27:16,UTC+02:00,2026-06-05 16:04:00,2026-06-05 17:18:59,74,Ice Hockey,7.6,330.0,161,99,42,8,1,0,0,false
2026-06-03 23:15:42,2026-06-05 00:22:44,UTC+02:00,2026-06-04 09:02:00,2026-06-04 13:24:59,262,Golf,6.6,487.0,136,81,5,0,0,0,0,false
2026-06-03 00:52:41,2026-06-03 23:15:42,UTC+02:00,2026-06-03 18:03:00,2026-06-03 18:53:59,50,Ice Hockey,6.1,211.0,146,97,43,1,0,0,0,false
2026-06-01 23:30:09,2026-06-03 00:52:41,UTC+02:00,2026-06-02 18:59:00,2026-06-02 20:18:59,79,Ice Hockey,7.3,338.0,157,100,56,1,0,0,0,false
2026-06-01 23:30:09,2026-06-03 00:52:41,UTC+02:00,2026-06-02 09:08:00,2026-06-02 12:29:59,201,Golf,6.8,419.0,165,80,1,1,2,0,0,false
2026-06-01 23:30:09,2026-06-03 00:52:41,UTC+02:00,2026-06-02 08:10:00,2026-06-02 08:29:59,19,Weightlifting,5.6,69.0,138,94,39,2,0,0,0,false
2026-06-01 23:30:09,2026-06-03 00:52:41,UTC+02:00,2026-06-02 07:13:00,2026-06-02 07:30:59,17,Weightlifting,4.6,30.0,120,71,5,0,0,0,0,false
2026-06-01 00:15:06,2026-06-01 23:30:09,UTC+02:00,2026-06-01 18:56:00,2026-06-01 20:06:59,70,Ice Hockey,12.0,652.0,166,128,43,38,13,0,0,false
2026-06-01 00:15:06,2026-06-01 23:30:09,UTC+02:00,2026-06-01 15:48:00,2026-06-01 17:18:59,90,Strength Trainer,6.9,321.0,149,92,37,4,0,0,0,false
2026-05-30 01:13:01,2026-05-31 01:59:04,UTC+02:00,2026-05-30 21:33:00,2026-05-30 22:17:56,44,Activity,5.6,163.0,138,98,38,1,0,0,0,false
2026-05-30 01:13:01,2026-05-31 01:59:04,UTC+02:00,2026-05-30 16:00:00,2026-05-30 21:17:59,317,Ice Hockey,18.0,2608.0,170,123,62,27,4,0,0,false
2026-05-30 01:13:01,2026-05-31 01:59:04,UTC+02:00,2026-05-30 13:38:00,2026-05-30 14:09:59,31,Hiking,5.7,165.0,142,106,72,3,0,0,0,false
2026-05-30 01:13:01,2026-05-31 01:59:04,UTC+02:00,2026-05-30 12:24:00,2026-05-30 13:10:59,46,Ice Hockey,7.8,302.0,162,113,51,18,2,0,0,false
2026-05-30 01:13:01,2026-05-31 01:59:04,UTC+02:00,2026-05-30 11:20:00,2026-05-30 11:55:59,35,Ice Hockey,7.0,249.0,161,116,72,15,2,0,0,false
2026-05-29 00:17:29,2026-05-30 01:13:01,UTC+02:00,2026-05-29 15:35:00,2026-05-29 16:48:59,73,Activity,9.0,408.0,162,107,29,20,4,0,0,false
2026-05-29 00:17:29,2026-05-30 01:13:01,UTC+02:00,2026-05-29 11:57:00,2026-05-29 13:22:59,85,Golf,5.8,230.0,136,90,25,0,0,0,0,false
2026-05-28 01:49:58,2026-05-29 00:17:29,UTC+02:00,2026-05-28 11:58:00,2026-05-28 13:33:59,95,Golf,8.4,454.0,143,103,58,1,0,0,0,false
2026-05-28 01:49:58,2026-05-29 00:17:29,UTC+02:00,2026-05-28 10:32:00,2026-05-28 11:30:59,58,Weightlifting,13.0,373.0,157,112,57,20,2,0,0,false
2026-05-26 00:47:54,2026-05-27 00:25:56,UTC+02:00,2026-05-26 20:08:00,2026-05-26 21:07:59,59,Badminton,5.9,208.0,138,89,40,0,0,0,0,false
2026-05-26 00:47:54,2026-05-27 00:25:56,UTC+02:00,2026-05-26 17:02:00,2026-05-26 18:36:59,94,Ice Hockey,13.3,826.0,173,125,46,21,18,1,0,false
2026-05-25 00:06:53,2026-05-26 00:47:54,UTC+02:00,2026-05-25 17:58:00,2026-05-25 19:24:59,86,Ice Hockey,13.5,847.0,172,131,49,28,20,1,0,false
2026-05-25 00:06:53,2026-05-26 00:47:54,UTC+02:00,2026-05-25 16:00:00,2026-05-25 17:22:59,82,Strength Trainer,12.1,643.0,187,119,39,23,14,1,0,false
2026-05-23 19:36:18,2026-05-25 00:06:53,UTC+02:00,2026-05-24 16:00:00,2026-05-24 19:21:59,201,Golf,8.6,537.0,132,91,17,0,0,0,0,false
2026-05-23 19:36:18,2026-05-25 00:06:53,UTC+02:00,2026-05-24 11:22:00,2026-05-24 11:42:59,20,Activity,4.3,46.0,113,87,9,0,0,0,0,false
2026-05-20 22:46:55,2026-05-21 23:28:26,UTC+02:00,2026-05-21 11:04:00,2026-05-21 11:57:59,53,Activity,5.5,145.0,119,93,12,0,0,0,0,false
2026-05-20 22:46:55,2026-05-21 23:28:26,UTC+02:00,2026-05-21 07:03:00,2026-05-21 08:47:59,104,Weightlifting,13.1,453.0,154,95,33,13,0,0,0,false
2026-05-20 00:32:23,2026-05-20 22:46:55,UTC+02:00,2026-05-20 18:00:00,2026-05-20 19:14:59,74,Ice Hockey,11.2,619.0,166,123,67,24,6,0,0,false
2026-05-20 00:32:23,2026-05-20 22:46:55,UTC+02:00,2026-05-20 15:50:00,2026-05-20 16:02:59,12,Golf,1.0,20.0,101,77,0,0,0,0,0,false
2026-05-20 00:32:23,2026-05-20 22:46:55,UTC+02:00,2026-05-20 15:03:00,2026-05-20 15:37:59,34,Golf,4.1,56.0,111,79,2,0,0,0,0,false
2026-05-20 00:32:23,2026-05-20 22:46:55,UTC+02:00,2026-05-20 12:58:00,2026-05-20 14:46:59,108,Golf,5.4,229.0,138,86,9,0,0,0,0,false
2026-05-19 00:36:51,2026-05-20 00:32:23,UTC+02:00,2026-05-19 20:01:00,2026-05-19 20:57:59,56,Squash,4.7,106.0,110,84,1,0,0,0,0,false
2026-05-19 00:36:51,2026-05-20 00:32:23,UTC+02:00,2026-05-19 17:15:00,2026-05-19 19:04:15,109,Pickleball,9.8,578.0,152,107,64,4,0,0,0,false
2026-05-19 00:36:51,2026-05-20 00:32:23,UTC+02:00,2026-05-19 07:02:00,2026-05-19 08:50:59,108,Weightlifting,12.9,416.0,158,97,40,4,0,0,0,false
2026-05-17 23:14:19,2026-05-19 00:36:51,UTC+02:00,2026-05-18 19:00:00,2026-05-18 19:57:21,57,Ice Hockey,12.1,599.0,175,135,34,48,16,1,0,false
2026-05-17 23:14:19,2026-05-19 00:36:51,UTC+02:00,2026-05-18 15:51:00,2026-05-18 17:08:59,77,Activity,9.3,485.0,172,110,63,13,2,0,0,false
2026-05-17 00:34:43,2026-05-17 23:14:19,UTC+02:00,2026-05-17 11:37:30,2026-05-17 12:44:59,67,Golf,6.9,287.0,148,101,56,1,0,0,0,false
2026-05-16 00:23:41,2026-05-17 00:34:43,UTC+02:00,2026-05-16 12:57:00,2026-05-16 13:11:59,14,Pickleball,4.8,80.0,132,108,77,0,0,0,0,false
2026-05-16 00:23:41,2026-05-17 00:34:43,UTC+02:00,2026-05-16 11:42:00,2026-05-16 12:23:59,41,Tennis,6.8,256.0,150,111,72,10,0,0,0,false
2026-05-16 00:23:41,2026-05-17 00:34:43,UTC+02:00,2026-05-16 10:45:00,2026-05-16 11:23:59,38,Pickleball,6.1,200.0,138,106,70,0,0,0,0,false
2026-05-15 00:58:39,2026-05-16 00:23:41,UTC+02:00,2026-05-15 12:31:30,2026-05-15 13:07:02,35,Activity,6.0,187.0,151,106,65,6,0,0,0,false
2026-05-15 00:58:39,2026-05-16 00:23:41,UTC+02:00,2026-05-15 11:25:30,2026-05-15 12:19:29,53,Tennis,6.8,276.0,145,105,73,2,0,0,0,false
2026-05-13 22:29:37,2026-05-15 00:58:39,UTC+02:00,2026-05-14 07:15:00,2026-05-14 08:50:59,95,Activity,8.6,454.0,155,102,50,9,0,0,0,false
2026-05-12 23:41:05,2026-05-13 22:29:37,UTC+02:00,2026-05-13 16:36:00,2026-05-13 17:31:29,55,Pickleball,7.7,342.0,160,112,80,6,0,0,0,false
2026-05-11 23:53:04,2026-05-12 23:41:05,UTC+02:00,2026-05-12 17:45:00,2026-05-12 18:35:59,50,Golf,6.2,220.0,142,101,64,1,0,0,0,false
2026-05-11 23:53:04,2026-05-12 23:41:05,UTC+02:00,2026-05-12 08:25:30,2026-05-12 08:49:29,23,Activity,7.1,221.0,159,129,50,43,5,0,0,false
2026-05-10 23:41:56,2026-05-11 23:53:04,UTC+02:00,2026-05-11 16:19:30,2026-05-11 17:41:59,82,Strength Trainer,11.2,598.0,171,118,48,21,9,0,0,false
2026-05-10 23:41:56,2026-05-11 23:53:04,UTC+02:00,2026-05-11 10:34:30,2026-05-11 12:31:29,116,Tennis,12.1,855.0,156,118,81,12,0,0,0,false
2026-05-09 23:50:24,2026-05-10 23:41:56,UTC+02:00,2026-05-10 09:45:00,2026-05-10 12:50:00,185,Golf,4.2,281.0,105,76,0,0,0,0,0,false
2026-05-09 23:50:24,2026-05-10 23:41:56,UTC+02:00,2026-05-10 09:24:00,2026-05-10 09:38:59,14,Golf,4.9,83.0,144,109,79,2,0,0,0,false
2026-05-09 00:20:52,2026-05-09 23:50:24,UTC+02:00,2026-05-09 08:12:00,2026-05-09 09:07:29,55,Ice Hockey,12.0,583.0,175,135,38,40,22,0,0,false
2026-05-08 00:43:50,2026-05-09 00:20:52,UTC+02:00,2026-05-08 17:58:30,2026-05-08 19:02:59,64,Golf,8.8,440.0,148,116,81,11,0,0,0,false
2026-05-08 00:43:50,2026-05-09 00:20:52,UTC+02:00,2026-05-08 15:37:30,2026-05-08 16:46:29,68,Activity,9.4,450.0,157,113,54,23,1,0,0,false
2026-05-06 23:22:14,2026-05-08 00:43:50,UTC+02:00,2026-05-07 15:03:00,2026-05-07 16:04:29,61,Golf,7.5,343.0,147,109,77,1,0,0,0,false
2026-05-06 23:22:14,2026-05-08 00:43:50,UTC+02:00,2026-05-07 07:13:30,2026-05-07 08:40:29,86,Strength Trainer,8.3,397.0,162,101,40,10,0,0,0,false
2026-05-06 00:23:37,2026-05-06 23:22:14,UTC+02:00,2026-05-06 17:07:08,2026-05-06 17:37:44,30,Spin,10.5,375.0,161,145,8,55,36,0,0,false
2026-05-04 23:50:06,2026-05-06 00:23:37,UTC+02:00,2026-05-05 07:13:30,2026-05-05 08:41:59,88,Strength Trainer,9.6,514.0,163,109,61,11,2,0,0,false
2026-05-04 00:07:34,2026-05-04 23:50:06,UTC+02:00,2026-05-04 17:54:00,2026-05-04 18:56:59,62,Ice Hockey,11.0,579.0,159,128,56,39,4,0,0,false
2026-05-04 00:07:34,2026-05-04 23:50:06,UTC+02:00,2026-05-04 15:46:30,2026-05-04 17:08:59,82,Activity,10.6,565.0,175,116,58,17,5,1,0,false
2026-05-03 00:37:02,2026-05-04 00:07:34,UTC+02:00,2026-05-03 10:21:00,2026-05-03 11:13:29,52,Golf,6.4,229.0,147,103,59,5,0,0,0,false
2026-05-01 00:56:28,2026-05-02 00:24:30,UTC+02:00,2026-05-01 15:39:00,2026-05-01 15:58:29,19,Golf,4.3,44.0,112,88,9,0,0,0,0,false
2026-05-01 00:56:28,2026-05-02 00:24:30,UTC+02:00,2026-05-01 15:12:00,2026-05-01 15:25:29,13,Golf,4.5,56.0,117,101,70,0,0,0,0,false
2026-05-01 00:56:28,2026-05-02 00:24:30,UTC+02:00,2026-05-01 08:54:00,2026-05-01 10:10:29,76,Activity,9.3,415.0,169,107,47,9,5,1,0,false
2026-04-30 00:53:56,2026-05-01 00:56:28,UTC+02:00,2026-04-30 16:00:00,2026-04-30 17:19:29,79,Strength Trainer,9.3,461.0,160,108,55,15,3,0,0,false
2026-04-30 00:53:56,2026-05-01 00:56:28,UTC+02:00,2026-04-30 15:34:30,2026-04-30 15:49:29,14,Running,5.7,118.0,153,120,51,36,3,0,0,false
2026-04-29 00:04:24,2026-04-30 00:53:56,UTC+02:00,2026-04-29 16:15:00,2026-04-29 17:15:00,60,Pickleball,7.5,333.0,140,107,79,1,0,0,0,false
2026-04-29 00:04:24,2026-04-30 00:53:56,UTC+02:00,2026-04-29 15:28:48,2026-04-29 16:13:46,44,Spin,13.9,623.0,167,152,1,5,90,4,0,false
2026-04-28 00:04:52,2026-04-29 00:04:24,UTC+02:00,2026-04-28 16:36:00,2026-04-28 17:41:59,65,Strength Trainer,9.0,453.0,143,115,86,9,0,0,0,false
2026-04-28 00:04:52,2026-04-29 00:04:24,UTC+02:00,2026-04-28 15:46:30,2026-04-28 16:20:59,34,Strength Trainer,7.1,224.0,158,113,61,14,6,0,0,false
2026-04-26 01:08:47,2026-04-26 23:41:19,UTC+02:00,2026-04-26 10:12:00,2026-04-26 11:10:29,58,Golf,7.5,328.0,142,108,84,2,0,0,0,false
2026-04-24 23:57:15,2026-04-26 01:08:47,UTC+02:00,2026-04-25 12:55:30,2026-04-25 13:47:19,51,Activity,8.5,375.0,160,117,74,16,1,0,0,false
2026-04-24 23:57:15,2026-04-26 01:08:47,UTC+02:00,2026-04-25 10:24:44,2026-04-25 11:23:17,58,Hiking,17.7,927.0,192,163,7,4,19,36,31,false
2026-04-22 01:46:40,2026-04-23 00:24:11,UTC+02:00,2026-04-22 11:12:00,2026-04-22 12:41:59,89,Golf,9.0,491.0,142,107,74,3,0,0,0,false
2026-04-21 01:35:34,2026-04-22 01:46:40,UTC+02:00,2026-04-21 18:45:00,2026-04-21 19:58:29,73,Pickleball,10.5,570.0,156,120,73,20,2,0,0,false
2026-04-20 00:15:31,2026-04-21 01:35:34,UTC+02:00,2026-04-20 18:09:00,2026-04-20 19:16:29,67,Pickleball,11.2,597.0,156,126,56,39,3,0,0,false
2026-04-19 02:21:00,2026-04-20 00:15:31,UTC+02:00,2026-04-19 09:45:00,2026-04-19 11:13:29,88,Golf,7.3,318.0,131,98,42,0,0,0,0,false
2026-04-18 00:04:28,2026-04-19 02:21:00,UTC+02:00,2026-04-18 11:16:30,2026-04-18 11:47:59,31,Hiking,10.8,372.0,184,141,24,36,26,13,1,false
2026-04-18 00:04:28,2026-04-19 02:21:00,UTC+02:00,2026-04-18 09:09:00,2026-04-18 10:29:59,80,Hiking,12.4,627.0,182,119,53,17,10,5,0,false
2026-04-17 01:15:56,2026-04-18 00:04:28,UTC+02:00,2026-04-17 11:07:30,2026-04-17 12:26:59,79,Pickleball,9.4,489.0,156,110,71,10,0,0,0,false
2026-04-13 23:58:20,2026-04-15 00:04:52,UTC+02:00,2026-04-14 13:13:30,2026-04-14 14:55:29,101,Tennis,11.1,705.0,147,115,83,10,0,0,0,false
2026-04-12 23:31:48,2026-04-13 23:58:20,UTC+02:00,2026-04-13 10:45:00,2026-04-13 11:10:29,25,Ice Hockey,4.7,73.0,133,92,33,0,0,0,0,false
2026-04-12 23:31:48,2026-04-13 23:58:20,UTC+02:00,2026-04-13 09:19:30,2026-04-13 09:35:59,16,Ice Hockey,4.3,40.0,134,89,26,0,0,0,0,false
2026-04-12 02:19:46,2026-04-12 23:31:48,UTC+02:00,2026-04-12 12:46:30,2026-04-12 13:49:29,62,Hiking,11.9,619.0,167,130,40,50,10,0,0,false
2026-04-12 02:19:46,2026-04-12 23:31:48,UTC+02:00,2026-04-12 10:30:00,2026-04-12 12:08:29,98,Hiking,19.4,1476.0,191,158,8,24,14,25,29,false
2026-04-11 01:00:43,2026-04-12 02:19:46,UTC+02:00,2026-04-11 10:21:00,2026-04-11 11:58:29,97,Golf,10.7,634.0,151,112,75,14,0,0,0,false
2026-04-09 23:26:11,2026-04-11 01:00:43,UTC+02:00,2026-04-10 09:48:00,2026-04-10 11:13:29,85,Golf,9.1,491.0,139,108,80,1,0,0,0,false
2026-03-27 23:44:43,2026-03-29 04:09:46,UTC+01:00,2026-03-29 03:31:30,2026-03-29 04:04:29,32,Hot Yoga,11.8,349.0,167,135,40,29,30,1,0,false
2026-03-27 23:44:43,2026-03-29 04:09:46,UTC+01:00,2026-03-28 23:04:30,2026-03-29 00:20:59,76,Hot Yoga,15.3,796.0,172,134,33,49,16,2,0,false
2026-03-27 00:23:41,2026-03-27 23:44:43,UTC+01:00,2026-03-27 13:42:00,2026-03-27 14:28:29,46,Golf,7.5,271.0,162,108,44,15,4,0,0,false
2026-03-27 00:23:41,2026-03-27 23:44:43,UTC+01:00,2026-03-27 12:48:00,2026-03-27 13:23:59,35,Golf,5.3,134.0,141,97,41,2,0,0,0,false
2026-03-23 23:17:06,2026-03-25 00:22:07,UTC+01:00,2026-03-24 18:09:00,2026-03-24 18:29:59,20,Ice Hockey,4.9,91.0,135,100,60,1,0,0,0,false
2026-03-23 23:17:06,2026-03-25 00:22:07,UTC+01:00,2026-03-24 17:36:00,2026-03-24 17:56:59,20,Activity,4.8,76.0,144,97,39,1,0,0,0,false
2026-03-22 23:42:34,2026-03-23 23:17:06,UTC+01:00,2026-03-23 14:01:30,2026-03-23 14:20:59,19,Ice Hockey,4.5,58.0,118,93,34,0,0,0,0,false
2026-03-20 23:52:00,2026-03-22 06:12:02,UTC+01:00,2026-03-22 03:46:30,2026-03-22 03:59:59,13,Dance,4.9,77.0,149,108,84,10,0,0,0,false
2026-03-20 23:52:00,2026-03-22 06:12:02,UTC+01:00,2026-03-21 20:21:00,2026-03-21 21:38:59,77,Ice Hockey,11.5,641.0,162,122,62,31,5,0,0,false
2026-03-19 00:35:25,2026-03-19 23:21:28,UTC+01:00,2026-03-19 07:58:30,2026-03-19 08:25:29,26,Commuting,7.1,219.0,157,121,52,36,3,0,0,false
2026-03-17 01:48:52,2026-03-17 23:53:53,UTC+01:00,2026-03-17 15:19:30,2026-03-17 15:55:29,35,Ice Hockey,5.6,153.0,141,100,58,1,0,0,0,false
2026-03-15 23:23:50,2026-03-17 01:48:52,UTC+01:00,2026-03-16 14:04:30,2026-03-16 14:40:29,35,Hiking,11.5,388.0,187,135,45,23,11,9,10,false
2026-03-15 00:44:48,2026-03-15 23:23:50,UTC+01:00,2026-03-15 14:24:45,2026-03-15 17:05:39,160,Golf,5.7,301.0,117,83,7,0,0,0,0,false
2026-03-13 00:33:44,2026-03-13 23:09:16,UTC+01:00,2026-03-13 16:16:30,2026-03-13 17:31:29,74,Golf,6.4,243.0,138,93,36,0,0,0,0,false
2026-03-13 00:33:44,2026-03-13 23:09:16,UTC+01:00,2026-03-13 12:40:30,2026-03-13 13:04:29,23,Ice Hockey,5.7,148.0,148,110,85,6,0,0,0,false
2026-03-12 00:10:12,2026-03-13 00:33:44,UTC+01:00,2026-03-12 14:03:35,2026-03-12 14:46:44,43,Hiking,12.6,450.0,191,133,56,13,6,12,10,false
2026-02-28 02:11:36,2026-03-01 04:02:08,UTC+01:00,2026-03-01 01:03:00,2026-03-01 01:41:59,38,Activity,6.1,199.0,139,104,77,1,0,0,0,false
2026-02-28 02:11:36,2026-03-01 04:02:08,UTC+01:00,2026-02-28 18:33:00,2026-02-28 19:07:29,34,Ice Hockey,8.3,301.0,168,124,57,32,10,0,0,false
2026-02-28 02:11:36,2026-03-01 04:02:08,UTC+01:00,2026-02-28 17:46:30,2026-02-28 18:17:59,31,Ice Hockey,5.9,161.0,159,103,43,15,1,0,0,false
2026-02-28 02:11:36,2026-03-01 04:02:08,UTC+01:00,2026-02-28 16:19:30,2026-02-28 16:40:29,20,Ice Hockey,5.4,128.0,140,109,84,8,0,0,0,false
2026-02-28 02:11:36,2026-03-01 04:02:08,UTC+01:00,2026-02-28 15:31:30,2026-02-28 15:58:29,26,Strength Trainer,7.4,238.0,154,124,58,35,6,0,0,false
2026-02-26 23:54:33,2026-02-28 02:11:36,UTC+01:00,2026-02-27 19:10:30,2026-02-27 20:17:59,67,Ice Hockey,8.7,432.0,144,111,79,10,0,0,0,false
2026-02-26 02:02:49,2026-02-26 23:54:33,UTC+01:00,2026-02-26 20:12:00,2026-02-26 20:26:59,14,Activity,8.4,193.0,183,146,11,35,30,21,3,false
2026-02-25 02:03:17,2026-02-26 02:02:49,UTC+01:00,2026-02-25 18:57:00,2026-02-25 19:10:29,13,Ice Hockey,5.2,95.0,158,115,67,24,2,0,0,false
2026-02-25 02:03:17,2026-02-26 02:02:49,UTC+01:00,2026-02-25 18:13:30,2026-02-25 18:43:29,29,Ice Hockey,8.0,276.0,174,126,53,34,11,2,0,false
2026-02-25 02:03:17,2026-02-26 02:02:49,UTC+01:00,2026-02-25 17:31:30,2026-02-25 17:58:29,26,Ice Hockey,7.1,218.0,159,120,54,33,8,0,0,false
2026-02-25 02:03:17,2026-02-26 02:02:49,UTC+01:00,2026-02-25 16:51:00,2026-02-25 17:11:59,20,Ice Hockey,7.0,195.0,157,127,36,53,6,0,0,false
2026-02-24 01:20:15,2026-02-25 02:03:17,UTC+01:00,2026-02-24 19:55:30,2026-02-24 21:02:59,67,Ice Hockey,10.8,564.0,159,122,61,34,3,0,0,false
2026-02-22 23:55:43,2026-02-24 01:20:15,UTC+01:00,2026-02-23 18:58:30,2026-02-23 20:02:59,64,Ice Hockey,9.9,482.0,173,117,68,22,3,0,0,false
2026-02-21 02:02:37,2026-02-22 00:51:09,UTC+01:00,2026-02-21 18:31:30,2026-02-21 19:07:29,35,Ice Hockey,8.1,307.0,156,122,61,35,3,0,0,false
2026-02-21 02:02:37,2026-02-22 00:51:09,UTC+01:00,2026-02-21 17:42:00,2026-02-21 18:16:29,34,Ice Hockey,6.6,222.0,146,111,76,11,0,0,0,false
2026-02-21 02:02:37,2026-02-22 00:51:09,UTC+01:00,2026-02-21 17:01:30,2026-02-21 17:28:29,26,Ice Hockey,6.3,181.0,158,112,54,25,2,0,0,false
2026-02-21 02:02:37,2026-02-22 00:51:09,UTC+01:00,2026-02-21 16:22:30,2026-02-21 16:38:59,16,Ice Hockey,5.2,106.0,137,111,96,1,0,0,0,false
2026-02-21 02:02:37,2026-02-22 00:51:09,UTC+01:00,2026-02-21 15:36:00,2026-02-21 16:02:59,26,Activity,4.7,82.0,123,91,37,0,0,0,0,false
2026-02-20 00:44:36,2026-02-21 02:02:37,UTC+01:00,2026-02-20 19:15:00,2026-02-20 20:17:59,62,Ice Hockey,10.8,558.0,157,124,66,29,4,0,0,false
2026-02-19 02:10:34,2026-02-20 00:44:36,UTC+01:00,2026-02-19 13:10:30,2026-02-19 14:38:59,88,Golf,11.9,654.0,171,115,54,21,9,1,0,false
2026-02-18 02:12:02,2026-02-19 02:10:34,UTC+01:00,2026-02-18 19:31:30,2026-02-18 20:02:59,31,Ice Hockey,7.6,263.0,165,121,57,32,7,0,0,false
2026-02-18 02:12:02,2026-02-19 02:10:34,UTC+01:00,2026-02-18 18:46:30,2026-02-18 19:16:29,29,Ice Hockey,6.7,204.0,164,113,65,12,7,0,0,false
2026-02-18 02:12:02,2026-02-19 02:10:34,UTC+01:00,2026-02-18 17:58:30,2026-02-18 18:31:29,32,Ice Hockey,7.6,264.0,163,119,59,28,9,0,0,false
2026-02-18 02:12:02,2026-02-19 02:10:34,UTC+01:00,2026-02-18 17:18:00,2026-02-18 17:40:29,22,Ice Hockey,5.7,145.0,146,109,77,8,0,0,0,false
2026-02-18 02:12:02,2026-02-19 02:10:34,UTC+01:00,2026-02-18 16:34:30,2026-02-18 16:59:59,25,Activity,4.7,83.0,142,89,34,2,0,0,0,false
2026-02-17 02:07:30,2026-02-18 02:12:02,UTC+01:00,2026-02-17 18:34:30,2026-02-17 19:46:29,71,Ice Hockey,8.4,409.0,148,107,77,4,0,0,0,false
2026-02-16 03:07:58,2026-02-17 02:07:30,UTC+01:00,2026-02-16 19:25:30,2026-02-16 19:38:59,13,Golf,5.2,102.0,137,117,95,5,0,0,0,false
2026-02-16 03:07:58,2026-02-17 02:07:30,UTC+01:00,2026-02-16 18:01:30,2026-02-16 19:05:59,64,Ice Hockey,9.6,471.0,158,115,69,20,2,0,0,false
2026-02-16 03:07:58,2026-02-17 02:07:30,UTC+01:00,2026-02-16 17:13:30,2026-02-16 17:29:59,16,Activity,5.0,84.0,152,101,56,13,2,0,0,false
2026-02-15 01:56:56,2026-02-16 03:07:58,UTC+01:00,2026-02-15 13:54:00,2026-02-15 14:49:29,55,Golf,13.4,614.0,186,136,27,14,41,14,0,false
2026-02-15 01:56:56,2026-02-16 03:07:58,UTC+01:00,2026-02-15 12:58:30,2026-02-15 13:38:59,40,Golf,8.0,303.0,156,116,54,28,3,0,0,false
2026-02-14 01:29:24,2026-02-15 01:56:56,UTC+01:00,2026-02-14 18:39:00,2026-02-14 19:13:29,34,Ice Hockey,7.4,267.0,169,118,72,19,3,0,0,false
2026-02-14 01:29:24,2026-02-15 01:56:56,UTC+01:00,2026-02-14 17:49:30,2026-02-14 18:23:59,34,Ice Hockey,6.6,222.0,154,111,72,13,1,0,0,false
2026-02-14 01:29:24,2026-02-15 01:56:56,UTC+01:00,2026-02-14 17:07:30,2026-02-14 17:37:29,29,Ice Hockey,6.8,223.0,159,116,71,20,3,0,0,false
2026-02-14 01:29:24,2026-02-15 01:56:56,UTC+01:00,2026-02-14 16:18:00,2026-02-14 16:40:29,22,Ice Hockey,7.0,209.0,152,126,53,47,0,0,0,false
2026-02-14 01:29:24,2026-02-15 01:56:56,UTC+01:00,2026-02-14 15:33:00,2026-02-14 16:01:29,28,Activity,5.8,159.0,150,105,68,8,0,0,0,false
2026-02-13 01:36:52,2026-02-14 01:29:24,UTC+01:00,2026-02-13 19:15:00,2026-02-13 20:16:29,61,Ice Hockey,9.5,453.0,157,116,68,22,2,0,0,false
2026-02-13 01:36:52,2026-02-14 01:29:24,UTC+01:00,2026-02-13 18:36:00,2026-02-13 18:50:59,14,Activity,4.9,82.0,137,105,79,3,0,0,0,false
2026-02-11 02:04:48,2026-02-12 02:39:20,UTC+01:00,2026-02-11 20:12:00,2026-02-11 20:38:59,26,Ice Hockey,6.2,171.0,161,110,58,16,5,0,0,false
2026-02-11 02:04:48,2026-02-12 02:39:20,UTC+01:00,2026-02-11 17:52:30,2026-02-11 18:10:29,17,Ice Hockey,5.6,130.0,137,115,86,10,0,0,0,false
2026-02-11 02:04:48,2026-02-12 02:39:20,UTC+01:00,2026-02-11 17:03:00,2026-02-11 17:32:59,29,Activity,5.2,116.0,147,95,51,2,0,0,0,false
2026-02-10 02:05:16,2026-02-11 02:04:48,UTC+01:00,2026-02-10 20:52:30,2026-02-10 21:05:59,13,Ice Hockey,5.1,95.0,144,114,82,12,0,0,0,false
2026-02-10 02:05:16,2026-02-11 02:04:48,UTC+01:00,2026-02-10 20:01:30,2026-02-10 20:40:29,38,Ice Hockey,6.0,183.0,142,100,63,5,0,0,0,false
2026-02-10 02:05:16,2026-02-11 02:04:48,UTC+01:00,2026-02-10 19:24:00,2026-02-10 19:44:59,20,Basketball,7.1,201.0,157,128,53,32,15,0,0,false
2026-02-09 01:58:44,2026-02-10 02:05:16,UTC+01:00,2026-02-09 18:57:00,2026-02-09 19:52:29,55,Ice Hockey,7.8,342.0,151,109,79,7,0,0,0,false
2026-02-09 01:58:44,2026-02-10 02:05:16,UTC+01:00,2026-02-09 18:01:30,2026-02-09 18:40:29,38,Strength Trainer,8.2,298.0,155,117,50,29,5,0,0,false
2026-02-09 01:58:44,2026-02-10 02:05:16,UTC+01:00,2026-02-09 13:19:30,2026-02-09 14:58:29,98,Golf,9.7,526.0,154,104,57,11,0,0,0,false
2026-02-08 01:47:10,2026-02-09 01:58:44,UTC+01:00,2026-02-08 16:43:30,2026-02-08 18:10:29,86,Ice Hockey,12.7,765.0,176,124,62,26,9,2,0,false
2026-02-08 01:47:10,2026-02-09 01:58:44,UTC+01:00,2026-02-08 16:00:00,2026-02-08 16:25:29,25,Ice Hockey,6.2,181.0,150,114,75,17,0,0,0,false
2026-02-08 01:47:10,2026-02-09 01:58:44,UTC+01:00,2026-02-08 15:22:30,2026-02-08 15:40:29,17,Ice Hockey,5.0,100.0,134,106,91,0,0,0,0,false
2026-02-07 05:40:09,2026-02-08 01:47:10,UTC+01:00,2026-02-07 17:51:00,2026-02-07 19:11:59,80,Ice Hockey,10.8,612.0,157,117,74,19,2,0,0,false
2026-02-06 01:36:06,2026-02-07 05:40:09,UTC+01:00,2026-02-06 18:12:00,2026-02-06 19:16:29,64,Ice Hockey,7.7,359.0,137,106,85,1,0,0,0,false
2026-02-06 01:36:06,2026-02-07 05:40:09,UTC+01:00,2026-02-06 17:40:30,2026-02-06 17:55:29,14,Activity,6.1,120.0,161,119,24,20,26,0,0,false
2026-02-04 02:00:52,2026-02-05 02:28:54,UTC+01:00,2026-02-04 18:46:30,2026-02-04 19:17:59,31,Ice Hockey,7.7,272.0,164,123,62,32,5,0,0,false
2026-02-04 02:00:52,2026-02-05 02:28:54,UTC+01:00,2026-02-04 17:58:30,2026-02-04 18:34:29,35,Ice Hockey,6.9,222.0,163,109,45,20,3,0,0,false
2026-02-04 02:00:52,2026-02-05 02:28:54,UTC+01:00,2026-02-04 17:21:00,2026-02-04 17:37:29,16,Ice Hockey,5.0,94.0,133,106,92,0,0,0,0,false
2026-02-04 02:00:52,2026-02-05 02:28:54,UTC+01:00,2026-02-04 16:18:00,2026-02-04 16:52:29,34,Activity,6.6,202.0,160,106,52,15,5,0,0,false
2026-02-03 02:04:50,2026-02-04 02:00:52,UTC+01:00,2026-02-03 18:40:30,2026-02-03 19:46:29,65,Ice Hockey,9.0,447.0,163,112,81,9,0,0,0,false
2026-02-03 02:04:50,2026-02-04 02:00:52,UTC+01:00,2026-02-03 18:09:00,2026-02-03 18:22:29,13,Activity,4.6,62.0,129,100,76,0,0,0,0,false
2026-02-02 02:25:18,2026-02-03 02:04:50,UTC+01:00,2026-02-02 18:55:30,2026-02-02 20:05:59,70,Ice Hockey,11.3,585.0,161,121,55,33,6,0,0,false
2026-02-02 02:25:18,2026-02-03 02:04:50,UTC+01:00,2026-02-02 17:46:30,2026-02-02 18:23:59,37,Activity,5.7,158.0,155,98,53,3,0,0,0,false
2026-01-31 02:12:44,2026-02-01 03:47:46,UTC+01:00,2026-01-31 18:55:30,2026-01-31 19:16:29,20,Ice Hockey,5.3,116.0,141,105,60,9,0,0,0,false
2026-01-31 02:12:44,2026-02-01 03:47:46,UTC+01:00,2026-01-31 18:00:00,2026-01-31 18:32:59,32,Ice Hockey,6.1,180.0,153,105,62,8,0,0,0,false
2026-01-31 02:12:44,2026-02-01 03:47:46,UTC+01:00,2026-01-31 17:09:00,2026-01-31 17:31:29,22,Ice Hockey,5.9,155.0,166,113,70,16,4,0,0,false
2026-01-31 02:12:44,2026-02-01 03:47:46,UTC+01:00,2026-01-31 16:22:30,2026-01-31 16:41:59,19,Ice Hockey,5.3,121.0,146,109,90,1,0,0,0,false
2026-01-31 02:12:44,2026-02-01 03:47:46,UTC+01:00,2026-01-31 15:39:00,2026-01-31 16:07:29,28,Activity,5.1,121.0,136,96,58,0,0,0,0,false
2026-01-30 01:48:42,2026-01-31 02:12:44,UTC+01:00,2026-01-30 18:57:00,2026-01-30 20:16:29,79,Ice Hockey,9.4,480.0,150,108,63,12,0,0,0,false
2026-01-29 02:10:40,2026-01-30 01:48:42,UTC+01:00,2026-01-29 19:10:30,2026-01-29 20:01:29,50,Ice Hockey,7.5,293.0,162,106,58,12,1,0,0,false
2026-01-28 02:09:08,2026-01-29 02:10:40,UTC+01:00,2026-01-28 18:55:30,2026-01-28 19:59:59,64,Ice Hockey,10.4,519.0,168,120,71,19,6,0,0,false
2026-01-28 02:09:08,2026-01-29 02:10:40,UTC+01:00,2026-01-28 17:28:30,2026-01-28 18:23:59,55,Activity,6.0,201.0,134,92,42,0,0,0,0,false
2026-01-27 02:22:25,2026-01-28 02:09:08,UTC+01:00,2026-01-27 17:25:30,2026-01-27 18:20:59,55,Ice Hockey,10.8,481.0,167,123,54,24,16,1,0,false
2026-01-25 04:36:21,2026-01-26 01:26:23,UTC+01:00,2026-01-25 16:06:00,2026-01-25 16:37:29,31,Golf,6.1,169.0,156,101,38,16,2,0,0,false
2026-01-25 04:36:21,2026-01-26 01:26:23,UTC+01:00,2026-01-25 14:04:30,2026-01-25 14:25:29,20,Golf,4.7,80.0,138,93,55,1,0,0,0,false
2026-01-24 02:30:19,2026-01-25 04:36:21,UTC+01:00,2026-01-24 17:03:00,2026-01-24 19:05:59,122,Ice Hockey,13.8,1039.0,175,122,65,26,8,0,0,false
2026-01-24 02:30:19,2026-01-25 04:36:21,UTC+01:00,2026-01-24 16:21:00,2026-01-24 16:38:59,17,Ice Hockey,5.7,131.0,149,115,66,25,0,0,0,false
2026-01-23 03:07:17,2026-01-24 02:30:19,UTC+01:00,2026-01-23 19:10:30,2026-01-23 20:19:29,68,Ice Hockey,10.5,526.0,159,118,61,27,3,0,0,false
2026-01-23 03:07:17,2026-01-24 02:30:19,UTC+01:00,2026-01-23 15:28:30,2026-01-23 17:01:29,92,Golf,15.0,937.0,180,131,46,10,29,11,0,false
2026-01-23 03:07:17,2026-01-24 02:30:19,UTC+01:00,2026-01-23 14:57:00,2026-01-23 15:10:29,13,Golf,5.7,115.0,153,123,65,26,3,0,0,false
2026-01-22 03:27:45,2026-01-23 03:07:17,UTC+01:00,2026-01-22 18:51:00,2026-01-22 19:47:59,56,Activity,8.6,396.0,150,114,72,18,0,0,0,false
2026-01-21 02:25:43,2026-01-22 03:27:45,UTC+01:00,2026-01-21 20:09:00,2026-01-21 20:40:29,31,Ice Hockey,8.8,316.0,175,131,49,38,11,2,0,false
2026-01-21 02:25:43,2026-01-22 03:27:45,UTC+01:00,2026-01-21 19:25:30,2026-01-21 19:49:29,23,Ice Hockey,7.3,224.0,174,127,55,36,6,3,0,false
2026-01-21 02:25:43,2026-01-22 03:27:45,UTC+01:00,2026-01-21 18:33:00,2026-01-21 18:58:29,25,Ice Hockey,6.2,181.0,163,115,72,22,2,0,0,false
2026-01-21 02:25:43,2026-01-22 03:27:45,UTC+01:00,2026-01-21 17:51:00,2026-01-21 18:10:29,19,Ice Hockey,5.1,109.0,130,107,88,0,0,0,0,false
2026-01-20 03:10:42,2026-01-21 02:25:43,UTC+01:00,2026-01-20 19:52:30,2026-01-20 20:58:29,65,Ice Hockey,9.4,462.0,163,115,73,17,1,0,0,false
2026-01-20 03:10:42,2026-01-21 02:25:43,UTC+01:00,2026-01-20 17:39:00,2026-01-20 18:26:59,47,Activity,7.8,342.0,142,115,96,3,0,0,0,false
2026-01-19 02:09:40,2026-01-20 03:10:42,UTC+01:00,2026-01-19 18:57:00,2026-01-19 20:01:29,64,Ice Hockey,9.8,479.0,162,117,72,20,3,0,0,false
2026-01-19 02:09:40,2026-01-20 03:10:42,UTC+01:00,2026-01-19 17:48:00,2026-01-19 18:28:29,40,Activity,5.8,176.0,151,100,61,5,0,0,0,false
2026-01-17 02:21:36,2026-01-18 02:26:38,UTC+01:00,2026-01-17 18:46:30,2026-01-17 19:11:59,25,Ice Hockey,7.3,234.0,159,126,60,36,4,0,0,false
2026-01-17 02:21:36,2026-01-18 02:26:38,UTC+01:00,2026-01-17 17:52:30,2026-01-17 18:23:59,31,Ice Hockey,7.7,271.0,161,123,64,32,3,0,0,false
2026-01-17 02:21:36,2026-01-18 02:26:38,UTC+01:00,2026-01-17 16:58:30,2026-01-17 17:34:29,35,Ice Hockey,7.8,289.0,154,120,70,23,1,0,0,false
2026-01-17 02:21:36,2026-01-18 02:26:38,UTC+01:00,2026-01-17 16:21:00,2026-01-17 16:38:59,17,Ice Hockey,6.1,156.0,147,124,77,23,0,0,0,false
2026-01-16 01:50:34,2026-01-17 02:21:36,UTC+01:00,2026-01-16 19:13:30,2026-01-16 20:20:59,67,Ice Hockey,10.6,551.0,168,121,77,19,3,0,0,false
2026-01-16 01:50:34,2026-01-17 02:21:36,UTC+01:00,2026-01-16 15:42:00,2026-01-16 16:38:59,56,Golf,7.3,282.0,159,99,46,8,2,0,0,false
2026-01-15 02:54:02,2026-01-16 01:50:34,UTC+01:00,2026-01-15 13:00:00,2026-01-15 13:22:29,22,Strength Trainer,5.7,147.0,154,112,84,3,1,0,0,false
2026-01-14 01:51:59,2026-01-15 02:54:02,UTC+01:00,2026-01-14 20:03:00,2026-01-14 20:29:59,26,Ice Hockey,7.0,213.0,174,120,68,15,8,1,0,false
2026-01-14 01:51:59,2026-01-15 02:54:02,UTC+01:00,2026-01-14 19:16:30,2026-01-14 19:43:29,26,Ice Hockey,7.3,223.0,183,122,63,25,7,2,0,false
2026-01-14 01:51:59,2026-01-15 02:54:02,UTC+01:00,2026-01-14 18:33:00,2026-01-14 18:59:59,26,Ice Hockey,6.4,185.0,166,114,66,15,4,0,0,false
2026-01-14 01:51:59,2026-01-15 02:54:02,UTC+01:00,2026-01-14 17:51:00,2026-01-14 18:08:59,17,Ice Hockey,5.4,122.0,142,114,94,5,0,0,0,false
2026-01-14 01:51:59,2026-01-15 02:54:02,UTC+01:00,2026-01-14 17:07:30,2026-01-14 17:34:29,26,Activity,6.4,189.0,156,115,73,15,4,0,0,false
2026-01-14 01:51:59,2026-01-15 02:54:02,UTC+01:00,2026-01-14 12:06:00,2026-01-14 13:11:59,65,Golf,12.1,551.0,176,120,42,17,20,4,0,false
2026-01-13 02:19:57,2026-01-14 01:51:59,UTC+01:00,2026-01-13 18:39:00,2026-01-13 19:46:29,67,Ice Hockey,8.3,393.0,143,109,78,3,0,0,0,false
2026-01-12 02:12:25,2026-01-13 02:19:57,UTC+01:00,2026-01-12 18:54:00,2026-01-12 20:01:29,67,Ice Hockey,10.0,487.0,163,116,61,19,6,0,0,false
2026-01-12 02:12:25,2026-01-13 02:19:57,UTC+01:00,2026-01-12 17:51:00,2026-01-12 18:29:59,38,Activity,6.7,234.0,161,110,76,9,2,0,0,false
2026-01-11 02:47:53,2026-01-12 02:12:25,UTC+01:00,2026-01-11 12:27:00,2026-01-11 14:35:59,128,Golf,14.1,916.0,181,110,47,11,11,5,0,false
2026-01-10 01:52:51,2026-01-11 02:47:53,UTC+01:00,2026-01-10 19:03:00,2026-01-10 19:35:59,32,Ice Hockey,9.0,326.0,172,131,46,35,18,1,0,false
2026-01-10 01:52:51,2026-01-11 02:47:53,UTC+01:00,2026-01-10 18:12:00,2026-01-10 18:49:29,37,Ice Hockey,8.6,326.0,179,125,63,25,10,2,0,false
2026-01-10 01:52:51,2026-01-11 02:47:53,UTC+01:00,2026-01-10 17:30:00,2026-01-10 17:58:29,28,Ice Hockey,7.5,245.0,177,124,61,24,9,2,0,false
2026-01-10 01:52:51,2026-01-11 02:47:53,UTC+01:00,2026-01-10 16:49:30,2026-01-10 17:10:29,20,Ice Hockey,5.8,147.0,143,116,86,10,0,0,0,false
2026-01-09 02:02:18,2026-01-10 01:52:51,UTC+01:00,2026-01-09 19:15:00,2026-01-09 20:16:29,61,Ice Hockey,8.4,381.0,152,111,71,12,0,0,0,false
2026-01-08 01:08:46,2026-01-09 02:02:18,UTC+01:00,2026-01-08 18:52:30,2026-01-08 19:43:29,50,Strength Trainer,9.2,372.0,162,116,40,24,15,0,0,false
2026-01-08 01:08:46,2026-01-09 02:02:18,UTC+01:00,2026-01-08 13:54:00,2026-01-08 14:20:59,26,Golf,5.0,110.0,131,95,64,0,0,0,0,false
2026-01-08 01:08:46,2026-01-09 02:02:18,UTC+01:00,2026-01-08 12:13:30,2026-01-08 12:56:59,43,Golf,5.4,158.0,132,93,49,0,0,0,0,false
2026-01-07 01:29:14,2026-01-08 01:08:46,UTC+01:00,2026-01-07 18:00:00,2026-01-07 20:04:29,124,Ice Hockey,15.1,1217.0,175,131,47,35,17,1,0,false
2026-01-07 01:29:14,2026-01-08 01:08:46,UTC+01:00,2026-01-07 17:21:00,2026-01-07 17:40:29,19,Ice Hockey,7.7,212.0,170,136,25,50,22,3,0,false
2026-01-06 01:31:12,2026-01-07 01:29:14,UTC+01:00,2026-01-06 19:54:00,2026-01-06 21:02:26,68,Ice Hockey,9.2,445.0,168,113,66,17,1,0,0,false
2026-01-06 01:31:12,2026-01-07 01:29:14,UTC+01:00,2026-01-06 15:54:00,2026-01-06 16:26:59,32,Golf,5.3,132.0,132,96,55,0,0,0,0,false
2026-01-06 01:31:12,2026-01-07 01:29:14,UTC+01:00,2026-01-06 15:25:30,2026-01-06 15:40:29,14,Golf,4.4,46.0,126,88,32,0,0,0,0,false
2026-01-05 01:46:10,2026-01-06 01:31:12,UTC+01:00,2026-01-05 18:55:30,2026-01-05 20:01:29,65,Ice Hockey,10.1,483.0,186,117,64,18,5,1,0,false
2026-01-05 01:46:10,2026-01-06 01:31:12,UTC+01:00,2026-01-05 18:07:30,2026-01-05 18:25:29,17,Activity,4.6,62.0,131,96,46,0,0,0,0,false
2026-01-05 01:46:10,2026-01-06 01:31:12,UTC+01:00,2026-01-05 14:51:00,2026-01-05 16:10:29,79,Golf,8.4,424.0,148,105,70,3,0,0,0,false
2026-01-04 01:52:36,2026-01-05 01:46:10,UTC+01:00,2026-01-04 15:09:00,2026-01-04 16:01:29,52,Ice Hockey,7.9,337.0,146,113,74,13,0,0,0,false
2026-01-04 01:52:36,2026-01-05 01:46:10,UTC+01:00,2026-01-04 13:54:00,2026-01-04 14:55:29,61,Ice Hockey,9.0,430.0,154,116,68,21,0,0,0,false
2026-01-03 01:36:04,2026-01-04 01:52:36,UTC+01:00,2026-01-03 17:48:00,2026-01-03 19:05:59,77,Ice Hockey,11.8,676.0,167,125,59,35,6,0,0,false
2026-01-03 01:36:04,2026-01-04 01:52:36,UTC+01:00,2026-01-03 16:57:00,2026-01-03 17:25:29,28,Ice Hockey,6.8,210.0,164,118,60,28,2,0,0,false
2026-01-03 01:36:04,2026-01-04 01:52:36,UTC+01:00,2026-01-03 16:21:00,2026-01-03 16:41:59,20,Ice Hockey,5.2,121.0,134,110,99,0,0,0,0,false
2026-01-02 00:24:03,2026-01-03 01:36:04,UTC+01:00,2026-01-02 19:24:00,2026-01-02 20:29:59,65,Ice Hockey,13.0,654.0,182,132,44,23,23,9,0,false
2025-12-31 01:29:30,2026-01-01 04:34:01,UTC+01:00,2026-01-01 01:22:30,2026-01-01 01:37:29,14,Activity,5.5,114.0,160,119,74,20,5,0,0,false
2025-12-31 01:29:30,2026-01-01 04:34:01,UTC+01:00,2026-01-01 00:46:30,2026-01-01 01:10:29,23,Dance,6.2,183.0,147,119,88,12,0,0,0,false
2025-12-31 01:29:30,2026-01-01 04:34:01,UTC+01:00,2025-12-31 23:25:30,2025-12-31 23:55:29,29,Dance,6.5,209.0,143,115,87,13,0,0,0,false
2025-12-30 01:51:58,2025-12-31 01:29:30,UTC+01:00,2025-12-30 18:24:00,2025-12-30 19:32:59,68,Ice Hockey,10.3,497.0,165,116,51,27,5,0,0,false
2025-12-29 00:49:26,2025-12-30 01:51:58,UTC+01:00,2025-12-29 18:55:30,2025-12-29 20:01:29,65,Ice Hockey,9.2,444.0,159,114,68,17,1,0,0,false
2025-12-29 00:49:26,2025-12-30 01:51:58,UTC+01:00,2025-12-29 17:57:00,2025-12-29 18:13:29,16,Ultimate Frisbee,6.0,120.0,173,115,37,18,20,2,0,false
2025-12-28 00:22:23,2025-12-29 00:49:26,UTC+01:00,2025-12-28 15:40:30,2025-12-28 16:46:29,65,Ice Hockey,9.4,469.0,157,116,73,19,1,0,0,false
2025-12-28 00:22:23,2025-12-29 00:49:26,UTC+01:00,2025-12-28 14:43:30,2025-12-28 14:59:59,16,Ice Hockey,4.4,49.0,130,90,38,0,0,0,0,false
2025-12-28 00:22:23,2025-12-29 00:49:26,UTC+01:00,2025-12-28 08:16:30,2025-12-28 09:16:29,59,Ice Hockey,8.6,392.0,155,113,73,14,2,0,0,false
2025-12-27 00:16:51,2025-12-28 00:22:23,UTC+01:00,2025-12-27 19:58:00,2025-12-27 20:58:00,60,Ice Hockey,5.1,144.0,128,86,15,0,0,0,0,false
2025-12-27 00:16:51,2025-12-28 00:22:23,UTC+01:00,2025-12-27 16:45:00,2025-12-27 17:47:47,62,Ice Hockey,11.9,615.0,165,130,42,46,12,0,0,false
2025-12-23 01:15:43,2025-12-24 05:23:00,UTC+01:00,2025-12-24 03:34:30,2025-12-24 04:16:29,41,Dance,6.6,241.0,153,108,93,2,0,0,0,false
2025-12-19 01:46:55,2025-12-20 03:35:08,UTC+01:00,2025-12-19 19:07:30,2025-12-19 20:11:59,64,Ice Hockey,7.6,335.0,151,102,61,5,0,0,0,false
2025-12-19 01:46:55,2025-12-20 03:35:08,UTC+01:00,2025-12-19 18:30:00,2025-12-19 18:52:29,22,Activity,8.3,245.0,170,135,25,44,30,1,0,false
2025-12-18 01:57:23,2025-12-19 01:46:55,UTC+01:00,2025-12-18 16:18:00,2025-12-18 16:37:29,19,American Football,7.2,189.0,163,129,28,51,16,0,0,false
2025-12-18 01:57:23,2025-12-19 01:46:55,UTC+01:00,2025-12-18 15:24:00,2025-12-18 16:05:59,41,American Football,8.5,323.0,165,115,42,27,11,0,0,false
2025-12-17 01:15:50,2025-12-18 01:57:23,UTC+01:00,2025-12-17 18:28:30,2025-12-17 20:35:59,127,Ice Hockey,13.6,1041.0,175,121,67,23,6,0,0,false
2025-12-17 01:15:50,2025-12-18 01:57:23,UTC+01:00,2025-12-17 17:52:30,2025-12-17 18:08:59,16,Ice Hockey,5.7,131.0,155,120,80,19,1,0,0,false
2025-12-17 01:15:50,2025-12-18 01:57:23,UTC+01:00,2025-12-17 14:00:00,2025-12-17 14:22:29,22,Table Tennis/Ping Pong,5.0,102.0,123,101,81,0,0,0,0,false
2025-12-16 01:10:19,2025-12-17 01:15:50,UTC+01:00,2025-12-16 20:25:30,2025-12-16 21:25:29,59,Field Hockey,13.2,675.0,174,138,19,42,38,1,0,false
2025-12-16 01:10:19,2025-12-17 01:15:50,UTC+01:00,2025-12-16 18:52:30,2025-12-16 19:59:59,67,Ice Hockey,10.1,525.0,163,119,76,20,1,0,0,false
2025-12-16 01:10:19,2025-12-17 01:15:50,UTC+01:00,2025-12-16 18:16:30,2025-12-16 18:37:29,20,Basketball,8.1,224.0,170,134,26,37,31,4,0,false
2025-12-16 01:10:19,2025-12-17 01:15:50,UTC+01:00,2025-12-16 16:33:00,2025-12-16 16:58:29,25,American Football,7.2,224.0,161,124,57,37,6,0,0,false
2025-12-15 01:30:47,2025-12-16 01:10:19,UTC+01:00,2025-12-15 18:54:00,2025-12-15 20:02:59,68,Ice Hockey,11.7,607.0,167,124,57,25,14,0,0,false
2025-12-13 00:59:13,2025-12-14 02:06:45,UTC+01:00,2025-12-13 18:34:30,2025-12-13 19:19:29,44,Ice Hockey,9.1,376.0,170,122,64,23,11,0,0,false
2025-12-12 00:05:41,2025-12-13 00:59:13,UTC+01:00,2025-12-12 18:09:00,2025-12-12 19:16:29,67,Ice Hockey,8.6,405.0,161,109,71,11,0,0,0,false
2025-12-10 01:47:33,2025-12-11 00:55:05,UTC+01:00,2025-12-10 19:36:00,2025-12-10 20:16:29,40,Ice Hockey,6.5,195.0,175,102,46,6,3,1,0,false
2025-12-09 01:06:31,2025-12-10 01:47:33,UTC+01:00,2025-12-09 19:54:00,2025-12-09 21:01:29,67,Ice Hockey,8.1,376.0,144,106,74,3,0,0,0,false
2025-12-09 01:06:31,2025-12-10 01:47:33,UTC+01:00,2025-12-09 15:09:00,2025-12-09 16:04:29,55,American Football,9.3,437.0,151,119,68,25,1,0,0,false
2025-12-08 01:16:29,2025-12-09 01:06:31,UTC+01:00,2025-12-08 18:58:30,2025-12-08 20:03:05,64,Ice Hockey,9.2,444.0,159,114,73,17,1,0,0,false
2025-12-08 01:16:29,2025-12-09 01:06:31,UTC+01:00,2025-12-08 18:06:00,2025-12-08 18:23:59,17,Ice Hockey,4.5,60.0,146,91,35,6,0,0,0,false
2025-12-05 01:34:22,2025-12-06 01:37:24,UTC+01:00,2025-12-05 18:10:30,2025-12-05 19:16:29,65,Ice Hockey,9.4,452.0,159,113,67,16,4,0,0,false
2025-12-05 01:34:22,2025-12-06 01:37:24,UTC+01:00,2025-12-05 12:40:30,2025-12-05 13:14:59,34,American Football,8.4,307.0,154,124,36,52,4,0,0,false
2025-12-04 01:52:19,2025-12-05 01:34:22,UTC+01:00,2025-12-04 18:12:00,2025-12-04 19:16:00,64,Ice Hockey,6.3,240.0,145,93,52,2,0,0,0,false
2025-12-03 00:58:17,2025-12-04 01:52:19,UTC+01:00,2025-12-03 19:36:00,2025-12-03 20:10:00,34,Ice Hockey,6.4,209.0,168,110,77,9,1,0,0,false
2025-12-03 00:58:17,2025-12-04 01:52:19,UTC+01:00,2025-12-03 18:00:00,2025-12-03 19:22:29,82,Ice Hockey,10.6,587.0,166,115,78,11,5,0,0,false
2025-12-01 23:42:45,2025-12-03 00:58:17,UTC+01:00,2025-12-02 19:54:00,2025-12-02 20:59:59,65,Ice Hockey,10.4,481.0,173,115,45,24,10,0,0,false
2025-12-01 00:38:14,2025-12-01 23:42:45,UTC+01:00,2025-12-01 18:58:30,2025-12-01 19:59:59,61,Ice Hockey,9.0,425.0,156,114,68,21,1,0,0,false
2025-12-01 00:38:14,2025-12-01 23:42:45,UTC+01:00,2025-12-01 17:51:00,2025-12-01 18:22:29,31,Ice Hockey,5.4,129.0,148,96,41,10,0,0,0,false
2025-11-28 23:49:10,2025-11-30 01:35:12,UTC+01:00,2025-11-29 16:58:30,2025-11-29 17:29:59,31,Ice Hockey,7.7,263.0,167,121,64,26,9,0,0,false
2025-11-27 23:30:07,2025-11-28 23:49:10,UTC+01:00,2025-11-28 18:12:00,2025-11-28 19:14:59,62,Ice Hockey,8.5,393.0,155,110,76,8,1,0,0,false
2025-11-26 23:47:23,2025-11-27 23:30:07,UTC+01:00,2025-11-27 11:25:00,2025-11-27 11:46:00,21,Weightlifting,5.2,115.0,132,106,92,0,0,0,0,false
2025-11-26 23:47:23,2025-11-27 23:30:07,UTC+01:00,2025-11-27 07:21:00,2025-11-27 07:50:59,29,Yard Work/Gardening,5.8,164.0,136,104,80,0,0,0,0,false
2025-11-26 01:25:51,2025-11-26 23:47:23,UTC+01:00,2025-11-26 19:37:30,2025-11-26 20:44:59,67,Ice Hockey,10.6,521.0,165,118,50,29,10,0,0,false
2025-11-25 00:42:19,2025-11-26 01:25:51,UTC+01:00,2025-11-25 19:52:30,2025-11-25 20:59:59,67,Ice Hockey,11.9,583.0,174,123,41,28,19,3,0,false
2025-11-24 00:58:17,2025-11-25 00:42:19,UTC+01:00,2025-11-24 19:00:00,2025-11-24 20:00:00,60,Ice Hockey,10.6,455.0,176,117,53,17,9,5,0,false
2025-11-24 00:58:17,2025-11-25 00:42:19,UTC+01:00,2025-11-24 17:55:30,2025-11-24 18:22:29,26,Weightlifting,4.8,85.0,132,90,34,0,0,0,0,false
2025-11-22 00:42:13,2025-11-23 00:26:15,UTC+01:00,2025-11-22 17:45:00,2025-11-22 19:37:29,112,Ice Hockey,13.3,942.0,170,122,68,25,7,0,0,false
2025-11-22 00:42:13,2025-11-23 00:26:15,UTC+01:00,2025-11-22 16:58:00,2025-11-22 17:32:00,34,Ice Hockey,6.6,215.0,159,111,70,13,2,0,0,false
2025-11-22 00:42:13,2025-11-23 00:26:15,UTC+01:00,2025-11-22 16:21:00,2025-11-22 16:37:00,16,Ice Hockey,5.3,115.0,142,116,96,4,0,0,0,false
2025-11-22 00:42:13,2025-11-23 00:26:15,UTC+01:00,2025-11-22 15:30:00,2025-11-22 15:55:00,25,Soccer,5.9,143.0,163,107,46,14,5,0,0,false
2025-11-21 01:04:10,2025-11-22 00:42:13,UTC+01:00,2025-11-21 19:12:00,2025-11-21 20:17:59,65,Ice Hockey,7.8,348.0,152,105,67,6,0,0,0,false
2025-11-21 01:04:10,2025-11-22 00:42:13,UTC+01:00,2025-11-21 10:48:41,2025-11-21 11:57:31,68,Weightlifting,6.8,277.0,132,97,54,0,0,0,0,false
2025-11-20 00:51:38,2025-11-21 01:04:10,UTC+01:00,2025-11-20 18:40:30,2025-11-20 19:34:29,53,Weightlifting,9.2,406.0,167,117,69,18,6,0,0,false
2025-11-19 00:34:36,2025-11-20 00:51:38,UTC+01:00,2025-11-19 20:04:30,2025-11-19 20:33:52,29,Ice Hockey,6.9,228.0,155,118,77,21,1,0,0,false
2025-11-19 00:34:36,2025-11-20 00:51:38,UTC+01:00,2025-11-19 18:28:30,2025-11-19 19:43:29,74,Ice Hockey,10.2,556.0,164,117,77,18,3,0,0,false
2025-11-19 00:34:36,2025-11-20 00:51:38,UTC+01:00,2025-11-19 12:40:37,2025-11-19 12:47:41,7,Walking,4.2,28.0,130,98,55,0,0,0,0,false
2025-11-18 00:57:34,2025-11-19 00:34:36,UTC+01:00,2025-11-18 19:57:00,2025-11-18 21:01:29,64,Ice Hockey,7.4,316.0,151,102,63,5,0,0,0,false
2025-11-18 00:57:34,2025-11-19 00:34:36,UTC+01:00,2025-11-18 11:36:47,2025-11-18 12:34:10,57,Weightlifting,7.3,294.0,150,103,58,7,0,0,0,false
2025-11-17 06:29:03,2025-11-18 00:57:34,UTC+01:00,2025-11-17 18:54:00,2025-11-17 20:01:29,67,Ice Hockey,8.2,385.0,155,107,73,6,0,0,0,false
2025-11-17 06:29:03,2025-11-18 00:57:34,UTC+01:00,2025-11-17 18:18:00,2025-11-17 18:41:59,23,American Football,9.1,275.0,171,139,23,30,44,3,0,false
2025-11-15 00:44:28,2025-11-16 02:26:01,UTC+01:00,2025-11-15 19:04:30,2025-11-15 19:41:59,37,Ice Hockey,9.9,391.0,177,133,31,51,16,2,0,false
2025-11-15 00:44:28,2025-11-16 02:26:01,UTC+01:00,2025-11-15 18:13:30,2025-11-15 18:50:59,37,Ice Hockey,8.1,309.0,164,121,66,28,5,0,0,false
2025-11-14 00:43:57,2025-11-15 00:44:28,UTC+01:00,2025-11-14 18:09:00,2025-11-14 19:16:29,67,Ice Hockey,7.6,334.0,162,103,66,4,0,0,0,false
2025-11-14 00:43:57,2025-11-15 00:44:28,UTC+01:00,2025-11-14 10:51:00,2025-11-14 11:53:47,62,Weightlifting,6.3,230.0,140,93,36,2,0,0,0,false
2025-11-13 01:28:55,2025-11-14 00:43:57,UTC+01:00,2025-11-13 17:43:22,2025-11-13 18:03:30,20,Spin,9.6,241.0,177,141,34,8,15,42,0,false
2025-11-12 00:43:23,2025-11-13 01:28:55,UTC+01:00,2025-11-12 19:57:00,2025-11-12 20:31:29,34,Ice Hockey,8.1,301.0,170,124,60,35,5,0,0,false
2025-11-12 00:43:23,2025-11-13 01:28:55,UTC+01:00,2025-11-12 19:12:00,2025-11-12 19:43:29,31,Ice Hockey,8.8,321.0,159,132,35,55,10,0,0,false
2025-11-12 00:43:23,2025-11-13 01:28:55,UTC+01:00,2025-11-12 18:28:30,2025-11-12 18:58:29,29,Ice Hockey,7.5,256.0,164,123,60,33,6,0,0,false
2025-11-11 00:55:50,2025-11-12 00:43:23,UTC+01:00,2025-11-11 19:54:00,2025-11-11 21:01:29,67,Ice Hockey,7.8,360.0,145,105,70,4,0,0,0,false
2025-11-11 00:55:50,2025-11-12 00:43:23,UTC+01:00,2025-11-11 17:05:35,2025-11-11 17:45:40,40,Spin,10.2,409.0,153,132,17,76,3,0,0,false
2025-11-10 01:02:18,2025-11-11 00:55:50,UTC+01:00,2025-11-10 18:51:00,2025-11-10 19:59:59,68,Ice Hockey,8.1,371.0,151,105,64,10,0,0,0,false
2025-11-10 01:02:18,2025-11-11 00:55:50,UTC+01:00,2025-11-10 17:49:30,2025-11-10 18:19:29,29,Weightlifting,4.7,77.0,128,89,25,0,0,0,0,false
2025-11-10 01:02:18,2025-11-11 00:55:50,UTC+01:00,2025-11-10 10:55:08,2025-11-10 11:57:09,62,Weightlifting,8.5,378.0,151,109,57,20,0,0,0,false
2025-11-08 00:52:15,2025-11-09 01:12:16,UTC+01:00,2025-11-08 17:06:00,2025-11-08 19:13:29,127,Ice Hockey,14.3,1111.0,168,124,46,36,10,0,0,false
2025-11-07 00:17:43,2025-11-08 00:52:15,UTC+01:00,2025-11-07 18:09:00,2025-11-07 19:16:29,67,Ice Hockey,7.8,354.0,156,104,68,5,0,0,0,false
2025-11-07 00:17:43,2025-11-08 00:52:15,UTC+01:00,2025-11-07 10:45:23,2025-11-07 11:38:07,52,Walking,8.0,318.0,150,109,58,17,1,0,0,false
2025-11-06 00:09:11,2025-11-07 00:17:43,UTC+01:00,2025-11-06 19:25:30,2025-11-06 20:32:28,66,Ice Hockey,7.2,304.0,150,100,58,5,0,0,0,false
2025-11-06 00:09:11,2025-11-07 00:17:43,UTC+01:00,2025-11-06 11:16:59,2025-11-06 12:21:53,64,Walking,7.4,306.0,156,102,62,5,1,0,0,false
2025-11-05 00:55:38,2025-11-06 00:09:11,UTC+01:00,2025-11-05 11:01:30,2025-11-05 12:23:59,82,Basketball,10.3,557.0,164,113,70,14,2,0,0,false
2025-11-04 01:37:36,2025-11-05 00:55:38,UTC+01:00,2025-11-04 19:54:00,2025-11-04 20:59:59,65,Ice Hockey,8.0,368.0,147,107,74,6,0,0,0,false
2025-11-04 01:37:36,2025-11-05 00:55:38,UTC+01:00,2025-11-04 11:37:51,2025-11-04 12:35:55,58,Walking,6.7,253.0,157,98,53,4,0,0,0,false
2025-11-03 01:48:05,2025-11-04 01:37:36,UTC+01:00,2025-11-03 18:57:00,2025-11-03 19:59:59,62,Ice Hockey,8.1,370.0,155,108,69,12,0,0,0,false
2025-11-03 01:48:05,2025-11-04 01:37:36,UTC+01:00,2025-11-03 17:52:30,2025-11-03 18:34:29,41,Ice Hockey,6.2,196.0,155,100,36,13,1,0,0,false
2025-11-02 00:57:59,2025-11-03 01:48:05,UTC+01:00,2025-11-02 18:47:34,2025-11-02 19:08:09,20,Spin,7.7,217.0,151,134,10,81,1,0,0,false
2025-11-02 00:57:59,2025-11-03 01:48:05,UTC+01:00,2025-11-02 18:09:00,2025-11-02 18:43:21,34,Soccer,8.0,268.0,166,116,43,28,12,0,0,false
2025-11-01 03:01:27,2025-11-02 00:57:59,UTC+01:00,2025-11-01 17:48:00,2025-11-01 19:13:29,85,Ice Hockey,11.9,687.0,166,121,58,29,6,0,0,false
2025-11-01 03:01:27,2025-11-02 00:57:59,UTC+01:00,2025-11-01 17:00:00,2025-11-01 17:35:59,35,Ice Hockey,7.9,286.0,163,120,58,28,6,0,0,false
2025-10-31 01:10:55,2025-11-01 03:01:27,UTC+01:00,2025-10-31 18:45:00,2025-10-31 20:14:59,89,Ice Hockey,12.3,681.0,166,118,42,26,12,0,0,false
2025-10-31 01:10:55,2025-11-01 03:01:27,UTC+01:00,2025-10-31 11:24:20,2025-10-31 12:15:03,50,Weightlifting,5.0,127.0,131,84,24,0,0,0,0,false
2025-10-30 01:45:23,2025-10-31 01:10:55,UTC+01:00,2025-10-30 16:04:12,2025-10-30 16:56:56,52,Weightlifting,5.8,188.0,143,94,40,4,0,0,0,false
2025-10-29 00:37:52,2025-10-30 01:45:23,UTC+01:00,2025-10-29 19:18:00,2025-10-29 20:29:59,71,Ice Hockey,12.4,661.0,175,127,52,29,16,1,0,false
2025-10-29 00:37:52,2025-10-30 01:45:23,UTC+01:00,2025-10-29 18:31:30,2025-10-29 19:02:59,31,Ice Hockey,8.3,289.0,170,127,55,31,14,0,0,false
2025-10-28 01:34:50,2025-10-29 00:37:52,UTC+01:00,2025-10-28 09:03:55,2025-10-28 09:51:40,47,Walking,5.3,140.0,120,92,24,0,0,0,0,false
2025-10-27 00:20:17,2025-10-28 01:34:50,UTC+01:00,2025-10-27 18:54:00,2025-10-27 19:56:59,62,Ice Hockey,10.3,477.0,170,118,61,17,11,1,0,false
2025-10-27 00:20:17,2025-10-28 01:34:50,UTC+01:00,2025-10-27 17:43:30,2025-10-27 18:14:50,31,Weightlifting,5.5,141.0,148,101,57,7,0,0,0,false
2025-10-27 00:20:17,2025-10-28 01:34:50,UTC+01:00,2025-10-27 10:41:27,2025-10-27 11:50:40,69,Weightlifting,8.3,376.0,151,103,51,17,0,0,0,false
2025-10-25 00:29:13,2025-10-26 02:07:15,UTC+02:00,2025-10-25 19:40:30,2025-10-25 20:17:59,37,Ice Hockey,10.2,401.0,173,135,28,51,19,2,0,false
2025-10-25 00:29:13,2025-10-26 02:07:15,UTC+02:00,2025-10-25 18:01:30,2025-10-25 19:25:29,83,Ice Hockey,12.4,744.0,167,125,60,33,7,0,0,false
2025-10-24 01:33:00,2025-10-25 00:29:13,UTC+02:00,2025-10-24 18:10:00,2025-10-24 18:58:00,48,Ice Hockey,6.4,221.0,153,100,54,7,0,0,0,false
2025-10-24 01:33:00,2025-10-25 00:29:13,UTC+02:00,2025-10-24 16:10:00,2025-10-24 17:06:36,56,Spin,6.6,242.0,146,98,44,5,0,0,0,false
2025-10-22 00:55:52,2025-10-23 01:49:58,UTC+02:00,2025-10-22 19:40:30,2025-10-22 20:40:29,59,Ice Hockey,10.4,493.0,167,121,63,22,12,0,0,false
2025-10-22 00:55:52,2025-10-23 01:49:58,UTC+02:00,2025-10-22 18:01:30,2025-10-22 19:26:59,85,Ice Hockey,11.6,621.0,182,116,58,18,7,2,0,false
2025-10-21 01:07:21,2025-10-22 00:55:52,UTC+02:00,2025-10-21 19:54:00,2025-10-21 21:01:29,67,Ice Hockey,9.8,450.0,168,113,59,15,6,0,0,false
2025-10-21 01:07:21,2025-10-22 00:55:52,UTC+02:00,2025-10-21 19:03:00,2025-10-21 19:30:47,27,Activity,8.9,295.0,168,134,30,51,15,3,0,false
2025-10-21 01:07:21,2025-10-22 00:55:52,UTC+02:00,2025-10-21 11:59:37,2025-10-21 13:16:12,76,Weightlifting,7.1,302.0,159,96,42,3,1,0,0,false
2025-10-20 00:14:19,2025-10-21 01:07:21,UTC+02:00,2025-10-20 18:54:00,2025-10-20 20:01:29,67,Ice Hockey,10.5,527.0,167,119,56,27,5,0,0,false
2025-10-20 00:14:19,2025-10-21 01:07:21,UTC+02:00,2025-10-20 11:35:42,2025-10-20 12:34:01,58,Spin,6.9,274.0,149,100,52,7,0,0,0,false
2025-10-19 05:51:17,2025-10-20 00:14:19,UTC+02:00,2025-10-19 16:31:30,2025-10-19 16:46:29,14,Walking,5.2,105.0,143,115,92,8,0,0,0,false
2025-10-18 01:01:12,2025-10-19 05:51:17,UTC+02:00,2025-10-18 19:06:00,2025-10-18 19:43:29,37,Ice Hockey,7.9,294.0,164,119,69,23,5,0,0,false
2025-10-18 01:01:12,2025-10-19 05:51:17,UTC+02:00,2025-10-18 18:19:30,2025-10-18 18:53:59,34,Ice Hockey,7.7,284.0,166,121,69,24,7,0,0,false
2025-10-18 01:01:12,2025-10-19 05:51:17,UTC+02:00,2025-10-18 16:07:30,2025-10-18 16:25:29,17,Activity,4.9,82.0,153,99,50,10,0,0,0,false
2025-08-14 00:17:15,2025-08-15 00:17:15,UTC+02:00,2025-08-14 07:39:00,2025-08-14 08:47:59,68,Ice Hockey,12.7,667.0,176,130,40,32,22,3,0,false
2025-08-13 00:22:29,2025-08-14 00:17:15,UTC+02:00,2025-08-13 19:46:30,2025-08-13 21:01:29,74,Ice Hockey,11.7,611.0,167,121,43,30,14,0,0,false
2025-08-13 00:22:29,2025-08-14 00:17:15,UTC+02:00,2025-08-13 07:37:30,2025-08-13 08:55:29,77,Ice Hockey,12.8,747.0,172,129,37,46,17,0,0,false
2025-08-12 00:33:00,2025-08-13 00:22:29,UTC+02:00,2025-08-12 21:49:30,2025-08-12 22:13:29,23,Ice Hockey,9.2,280.0,169,140,17,39,42,2,0,false
2025-08-12 00:33:00,2025-08-13 00:22:29,UTC+02:00,2025-08-12 19:46:30,2025-08-12 20:59:59,73,Ice Hockey,13.8,785.0,179,135,28,33,30,7,0,false
2025-08-10 21:27:53,2025-08-12 00:33:00,UTC+02:00,2025-08-11 17:06:00,2025-08-11 17:50:59,44,Swimming,7.3,282.0,154,108,61,16,0,0,0,false
2025-08-10 21:27:53,2025-08-12 00:33:00,UTC+02:00,2025-08-11 15:27:00,2025-08-11 15:43:29,16,Hiking,4.5,56.0,135,95,41,0,0,0,0,false
2025-08-10 21:27:53,2025-08-12 00:33:00,UTC+02:00,2025-08-11 12:27:00,2025-08-11 14:43:35,136,Pickleball,18.1,1675.0,180,144,11,21,58,8,0,false
2025-08-08 23:31:09,2025-08-10 07:06:23,UTC+02:00,2025-08-10 06:28:30,2025-08-10 06:44:59,16,Hiking,4.8,73.0,139,101,55,4,0,0,0,false
2025-08-08 23:31:09,2025-08-10 07:06:23,UTC+02:00,2025-08-09 06:40:30,2025-08-09 07:49:29,68,Ice Hockey,13.0,714.0,173,133,33,38,27,2,0,false
2025-08-07 00:05:03,2025-08-07 23:34:49,UTC+02:00,2025-08-07 16:19:30,2025-08-07 17:08:59,49,Strength Trainer,6.2,211.0,149,99,58,3,0,0,0,false
2025-08-06 00:47:46,2025-08-07 00:05:03,UTC+02:00,2025-08-06 17:13:24,2025-08-06 17:52:35,39,Spin,10.2,370.0,168,128,47,15,32,1,0,false
2025-08-06 00:47:46,2025-08-07 00:05:03,UTC+02:00,2025-08-06 12:55:30,2025-08-06 14:02:59,67,Ice Hockey,12.4,645.0,174,129,46,30,21,1,0,false
2025-08-05 00:58:17,2025-08-06 00:47:46,UTC+02:00,2025-08-05 15:48:00,2025-08-05 16:52:13,64,Strength Trainer,7.1,294.0,165,100,58,6,1,0,0,false
2025-08-04 00:18:08,2025-08-05 00:58:17,UTC+02:00,2025-08-04 16:33:00,2025-08-04 18:01:29,88,Strength Trainer,11.5,608.0,176,112,38,23,13,1,0,false
2025-08-04 00:18:08,2025-08-05 00:58:17,UTC+02:00,2025-08-04 12:42:00,2025-08-04 13:43:42,61,Yard Work/Gardening,6.8,275.0,132,102,72,0,0,0,0,false
2025-07-31 22:39:58,2025-08-02 01:32:35,UTC+02:00,2025-08-01 20:46:30,2025-08-01 22:04:29,77,Ice Hockey,12.0,658.0,175,123,56,24,15,1,0,false
2025-07-31 22:39:58,2025-08-02 01:32:35,UTC+02:00,2025-08-01 17:10:30,2025-08-01 17:55:29,44,Strength Trainer,9.1,351.0,174,117,33,28,16,1,0,false
2025-07-31 02:03:43,2025-07-31 22:39:58,UTC+02:00,2025-07-31 17:39:00,2025-07-31 18:32:59,53,Strength Trainer,8.9,389.0,166,116,55,25,6,0,0,false
2025-07-31 02:03:43,2025-07-31 22:39:58,UTC+02:00,2025-07-31 16:19:30,2025-07-31 16:55:29,35,Strength Trainer,8.5,284.0,167,120,49,19,14,2,0,false
2025-07-31 02:03:43,2025-07-31 22:39:58,UTC+02:00,2025-07-31 12:10:30,2025-07-31 14:06:53,116,Padel,17.1,1442.0,179,144,10,35,52,3,0,false
2025-07-29 23:57:15,2025-07-31 02:03:43,UTC+02:00,2025-07-30 16:28:55,2025-07-30 17:20:25,51,Spin,12.9,528.0,179,132,34,12,20,24,0,false
2025-07-29 23:57:15,2025-07-31 02:03:43,UTC+02:00,2025-07-30 06:18:00,2025-07-30 07:32:59,74,Ice Hockey,13.2,780.0,166,133,31,48,21,0,0,false
2025-07-29 00:09:41,2025-07-29 23:57:15,UTC+02:00,2025-07-29 16:39:00,2025-07-29 16:53:59,14,Activity,4.2,35.0,141,80,30,0,0,0,0,false
2025-07-27 23:29:50,2025-07-29 00:09:41,UTC+02:00,2025-07-28 16:16:30,2025-07-28 18:20:59,124,Strength Trainer,13.5,910.0,184,116,40,21,15,2,0,false
2025-07-27 23:29:50,2025-07-29 00:09:41,UTC+02:00,2025-07-28 06:37:30,2025-07-28 07:49:29,71,Ice Hockey,13.9,801.0,173,137,26,32,36,6,0,false
2025-07-26 06:28:23,2025-07-27 00:05:50,UTC+02:00,2025-07-26 12:18:00,2025-07-26 14:01:29,103,Tennis,15.0,1121.0,169,136,22,52,26,0,0,false
2025-07-25 00:34:05,2025-07-26 06:28:23,UTC+02:00,2025-07-26 02:01:30,2025-07-26 03:08:59,67,Hot Yoga,14.0,545.0,184,121,61,17,10,5,0,false
2025-07-25 00:34:05,2025-07-26 06:28:23,UTC+02:00,2025-07-25 21:43:30,2025-07-25 22:01:29,17,Hiking,5.0,94.0,138,105,77,1,0,0,0,false
2025-07-25 00:34:05,2025-07-26 06:28:23,UTC+02:00,2025-07-25 20:55:30,2025-07-25 21:16:29,20,Ice Hockey,10.0,272.0,182,147,10,39,26,24,1,false
2025-07-24 00:45:30,2025-07-25 00:34:05,UTC+02:00,2025-07-24 17:27:00,2025-07-24 18:04:29,37,Strength Trainer,6.2,198.0,155,105,60,13,0,0,0,false
2025-07-24 00:45:30,2025-07-25 00:34:05,UTC+02:00,2025-07-24 16:19:30,2025-07-24 16:40:29,20,Strength Trainer,4.6,70.0,153,94,42,2,0,0,0,false
2025-07-23 01:22:16,2025-07-24 00:45:30,UTC+02:00,2025-07-23 17:31:30,2025-07-23 17:56:59,25,Strength Trainer,6.2,176.0,148,114,68,23,0,0,0,false
2025-07-23 01:22:16,2025-07-24 00:45:30,UTC+02:00,2025-07-23 16:30:21,2025-07-23 17:07:33,37,Running,14.5,524.0,191,153,21,15,10,16,38,false
2025-07-22 01:21:43,2025-07-23 01:22:16,UTC+02:00,2025-07-22 18:33:00,2025-07-22 20:49:29,136,Ice Hockey,13.5,997.0,174,116,53,22,10,0,0,false
2025-07-22 01:21:43,2025-07-23 01:22:16,UTC+02:00,2025-07-22 16:00:00,2025-07-22 16:26:59,26,Activity,5.2,117.0,158,99,59,5,0,0,0,false
2025-07-21 00:06:08,2025-07-22 01:21:43,UTC+02:00,2025-07-21 16:16:30,2025-07-21 18:38:59,142,Strength Trainer,12.8,897.0,175,110,49,20,6,0,0,false
2025-07-21 00:06:08,2025-07-22 01:21:43,UTC+02:00,2025-07-21 10:49:30,2025-07-21 12:03:20,73,Padel,11.0,610.0,163,121,65,33,2,0,0,false
2025-07-18 03:16:17,2025-07-19 06:21:21,UTC+02:00,2025-07-18 14:55:30,2025-07-18 16:33:24,97,Ice Hockey,13.9,905.0,171,126,46,26,22,1,0,false
2025-07-16 23:46:40,2025-07-18 03:16:17,UTC+02:00,2025-07-17 20:58:30,2025-07-17 22:04:29,65,Ice Hockey,11.8,573.0,173,123,48,22,19,2,0,false
2025-07-16 23:46:40,2025-07-18 03:16:17,UTC+02:00,2025-07-17 17:25:30,2025-07-17 18:06:44,41,Strength Trainer,5.6,168.0,142,93,54,3,0,0,0,false
2025-07-16 23:46:40,2025-07-18 03:16:17,UTC+02:00,2025-07-17 16:22:30,2025-07-17 17:04:29,41,Strength Trainer,4.8,115.0,150,84,34,1,0,0,0,false
2025-07-16 02:29:33,2025-07-16 23:46:40,UTC+02:00,2025-07-16 16:08:30,2025-07-16 17:10:39,62,Spin,13.3,722.0,162,139,9,76,15,0,0,false
2025-07-15 01:26:32,2025-07-16 02:29:33,UTC+02:00,2025-07-16 01:40:30,2025-07-16 01:59:21,18,Hot Yoga,10.8,263.0,197,152,14,26,13,37,10,false
2025-07-15 01:26:32,2025-07-16 02:29:33,UTC+02:00,2025-07-15 20:30:00,2025-07-15 21:44:59,74,Ice Hockey,11.9,659.0,165,124,51,33,13,0,0,false
2025-07-15 01:26:32,2025-07-16 02:29:33,UTC+02:00,2025-07-15 16:46:30,2025-07-15 17:58:25,71,Strength Trainer,8.7,424.0,166,108,67,11,1,0,0,false
2025-07-15 01:26:32,2025-07-16 02:29:33,UTC+02:00,2025-07-15 16:07:30,2025-07-15 16:34:29,26,Strength Trainer,5.0,97.0,158,94,41,3,1,0,0,false
2025-07-14 03:12:12,2025-07-15 01:26:32,UTC+02:00,2025-07-14 16:31:30,2025-07-14 18:31:41,120,Strength Trainer,13.3,905.0,176,117,51,21,12,1,0,false
2025-07-12 23:05:15,2025-07-14 03:12:12,UTC+02:00,2025-07-13 18:09:00,2025-07-13 19:07:29,58,Tennis,11.8,592.0,178,131,34,51,15,0,0,false
2025-07-12 00:32:40,2025-07-12 23:05:15,UTC+02:00,2025-07-12 08:30:45,2025-07-12 11:21:57,171,Hiking,12.3,957.0,156,105,65,6,0,0,0,false
2025-07-12 00:32:40,2025-07-12 23:05:15,UTC+02:00,2025-07-12 06:02:47,2025-07-12 08:16:57,134,Hiking,18.5,1668.0,177,144,18,25,33,23,0,false
2025-07-11 00:00:24,2025-07-12 00:32:40,UTC+02:00,2025-07-11 15:37:30,2025-07-11 17:02:59,85,Strength Trainer,11.4,598.0,176,115,44,23,10,1,0,false
2025-07-10 00:17:10,2025-07-11 00:00:24,UTC+02:00,2025-07-10 16:16:30,2025-07-10 17:07:29,50,Strength Trainer,7.4,282.0,162,106,52,15,3,0,0,false
2025-07-10 00:17:10,2025-07-11 00:00:24,UTC+02:00,2025-07-10 15:42:00,2025-07-10 16:07:29,25,Strength Trainer,5.1,105.0,148,98,53,5,0,0,0,false
2025-07-09 00:27:31,2025-07-10 00:17:10,UTC+02:00,2025-07-09 10:04:40,2025-07-09 15:27:30,322,Hiking,13.1,1258.0,167,95,41,2,0,0,0,false
2025-07-08 00:28:25,2025-07-09 00:27:31,UTC+02:00,2025-07-08 12:45:00,2025-07-08 13:08:59,23,Hiking,4.8,87.0,137,95,49,0,0,0,0,false
2025-07-07 00:18:28,2025-07-08 00:28:25,UTC+02:00,2025-07-07 11:40:30,2025-07-07 11:56:59,16,Hiking,4.7,61.0,146,95,17,11,0,0,0,false
2025-07-06 00:35:07,2025-07-07 00:18:28,UTC+02:00,2025-07-06 17:36:00,2025-07-06 18:22:29,46,Hiking,6.6,230.0,146,104,55,8,0,0,0,false
2025-07-05 00:19:35,2025-07-06 00:35:07,UTC+02:00,2025-07-05 20:42:00,2025-07-05 20:56:59,14,Hiking,4.9,84.0,147,108,73,8,0,0,0,false
2025-07-05 00:19:35,2025-07-06 00:35:07,UTC+02:00,2025-07-05 12:03:00,2025-07-05 12:19:29,16,Hiking,4.1,33.0,130,83,16,0,0,0,0,false
2025-07-05 00:19:35,2025-07-06 00:35:07,UTC+02:00,2025-07-05 10:27:00,2025-07-05 11:26:59,59,Hiking,7.5,302.0,148,103,45,15,0,0,0,false
2025-07-04 03:16:31,2025-07-05 00:19:35,UTC+02:00,2025-07-04 18:51:00,2025-07-04 19:56:59,65,Activity,10.3,465.0,161,115,41,21,11,0,0,false
2025-07-02 01:10:22,2025-07-03 01:08:06,UTC+02:00,2025-07-02 16:27:56,2025-07-02 16:53:05,25,Running,14.7,448.0,195,173,0,0,16,17,67,false
2025-07-02 01:10:22,2025-07-03 01:08:06,UTC+02:00,2025-07-02 13:34:30,2025-07-02 14:32:59,58,Ice Hockey,10.7,504.0,162,123,50,32,15,0,0,false
2025-07-01 00:00:00,2025-07-02 01:10:22,UTC+02:00,2025-07-01 21:27:00,2025-07-01 22:13:21,46,Basketball,10.0,416.0,165,125,55,25,19,0,0,false
2025-07-01 00:00:00,2025-07-02 01:10:22,UTC+02:00,2025-07-01 16:15:00,2025-07-01 17:32:48,77,Strength Trainer,9.2,445.0,173,107,61,12,3,0,0,false
2025-06-21 04:47:44,2025-06-22 00:05:38,UTC+02:00,2025-06-21 16:42:00,2025-06-21 17:41:59,59,Ice Hockey,12.1,576.0,173,128,42,29,23,3,0,false
2025-06-21 04:47:44,2025-06-22 00:05:38,UTC+02:00,2025-06-21 13:25:30,2025-06-21 13:56:59,31,Swimming,9.8,332.0,169,133,32,26,41,1,0,false
2025-06-19 22:59:12,2025-06-21 04:47:44,UTC+02:00,2025-06-20 19:39:00,2025-06-20 20:35:59,56,Tennis,11.8,573.0,164,131,30,55,15,0,0,false
2025-06-19 22:59:12,2025-06-21 04:47:44,UTC+02:00,2025-06-20 17:57:00,2025-06-20 19:25:29,88,Tennis,13.2,762.0,163,122,27,34,24,0,0,false
2025-06-19 22:59:12,2025-06-21 04:47:44,UTC+02:00,2025-06-20 16:01:30,2025-06-20 17:19:29,77,Soccer,14.5,804.0,182,132,25,18,36,13,0,false
2025-06-19 00:44:53,2025-06-19 22:59:12,UTC+02:00,2025-06-19 16:43:30,2025-06-19 17:35:59,52,Strength Trainer,6.9,263.0,147,103,61,11,0,0,0,false
2025-06-19 00:44:53,2025-06-19 22:59:12,UTC+02:00,2025-06-19 16:03:00,2025-06-19 16:32:59,29,Strength Trainer,4.7,91.0,142,86,34,3,0,0,0,false
2025-06-19 00:44:53,2025-06-19 22:59:12,UTC+02:00,2025-06-19 08:18:00,2025-06-19 09:41:59,83,Tennis,11.8,693.0,159,121,67,28,5,0,0,false
2025-06-18 00:41:48,2025-06-19 00:44:53,UTC+02:00,2025-06-18 17:34:30,2025-06-18 18:07:29,32,Hiking,7.1,252.0,147,118,82,18,0,0,0,false
2025-06-18 00:41:48,2025-06-19 00:44:53,UTC+02:00,2025-06-18 16:42:00,2025-06-18 17:08:59,26,Walking,14.1,419.0,186,160,13,6,7,32,42,false
2025-06-17 00:26:18,2025-06-18 00:41:48,UTC+02:00,2025-06-17 18:58:30,2025-06-17 20:13:29,74,Ice Hockey,14.7,869.0,182,139,20,26,44,10,0,false
2025-06-17 00:26:18,2025-06-18 00:41:48,UTC+02:00,2025-06-17 16:27:00,2025-06-17 17:53:59,86,Strength Trainer,7.8,369.0,147,98,58,5,0,0,0,false
2025-06-17 00:26:18,2025-06-18 00:41:48,UTC+02:00,2025-06-17 09:24:00,2025-06-17 09:59:59,35,Walking,10.0,355.0,159,130,29,35,30,0,0,false
2025-06-16 00:22:20,2025-06-17 00:26:18,UTC+02:00,2025-06-16 18:54:00,2025-06-16 20:06:10,72,Ice Hockey,14.4,824.0,177,138,21,23,49,6,0,false
2025-06-16 00:22:20,2025-06-17 00:26:18,UTC+02:00,2025-06-16 15:45:00,2025-06-16 17:29:59,104,Activity,12.5,718.0,174,112,41,20,13,1,0,false
2025-06-14 23:34:42,2025-06-16 00:22:20,UTC+02:00,2025-06-15 10:01:30,2025-06-15 10:58:29,56,Ice Hockey,12.3,586.0,170,132,33,30,36,1,0,false
2025-06-13 00:35:03,2025-06-14 23:34:42,UTC+02:00,2025-06-13 15:45:00,2025-06-13 17:18:28,93,Strength Trainer,11.7,631.0,167,114,47,20,13,0,0,false
2025-06-11 23:55:06,2025-06-13 00:35:03,UTC+02:00,2025-06-12 12:28:30,2025-06-12 13:49:29,80,Ice Hockey,13.1,746.0,169,126,43,31,22,1,0,false
2025-06-11 23:55:06,2025-06-13 00:35:03,UTC+02:00,2025-06-12 10:36:00,2025-06-12 11:10:29,34,Strength Trainer,5.2,124.0,158,94,46,4,0,0,0,false
2025-06-11 00:11:23,2025-06-11 23:55:06,UTC+02:00,2025-06-11 19:45:00,2025-06-11 21:01:29,76,Ice Hockey,13.3,747.0,173,128,38,32,25,2,0,false
2025-06-11 00:11:23,2025-06-11 23:55:06,UTC+02:00,2025-06-11 15:58:30,2025-06-11 16:50:59,52,Running,14.4,599.0,192,137,46,10,12,14,18,false
2025-06-10 01:20:04,2025-06-11 00:11:23,UTC+02:00,2025-06-10 18:52:30,2025-06-10 20:10:29,77,Ice Hockey,14.1,823.0,180,133,35,28,28,8,0,false
2025-06-10 01:20:04,2025-06-11 00:11:23,UTC+02:00,2025-06-10 16:16:30,2025-06-10 17:08:59,52,Strength Trainer,6.6,245.0,145,97,60,5,0,0,0,false
2025-06-09 00:48:17,2025-06-10 01:20:04,UTC+02:00,2025-06-09 15:30:00,2025-06-09 17:26:59,116,Strength Trainer,13.5,907.0,185,117,47,23,16,0,0,false
2025-06-09 00:48:17,2025-06-10 01:20:04,UTC+02:00,2025-06-09 10:51:00,2025-06-09 13:22:29,151,Tennis,13.9,1146.0,157,116,64,28,2,0,0,false
2025-06-06 00:18:53,2025-06-07 04:40:49,UTC+02:00,2025-06-07 01:16:30,2025-06-07 01:31:29,14,Hiking,4.8,73.0,147,102,58,7,0,0,0,false
2025-06-06 00:18:53,2025-06-07 04:40:49,UTC+02:00,2025-06-06 20:30:00,2025-06-06 22:17:59,107,Ice Hockey,13.8,953.0,169,123,52,29,17,0,0,false
2025-06-05 00:25:05,2025-06-06 00:18:53,UTC+02:00,2025-06-05 16:00:00,2025-06-05 16:58:29,58,Activity,7.2,275.0,155,97,45,11,1,0,0,false
2025-06-04 01:18:52,2025-06-05 00:25:05,UTC+02:00,2025-06-04 10:37:30,2025-06-04 13:06:52,149,Padel,15.9,1401.0,163,126,37,40,18,0,0,false
2025-06-03 00:49:00,2025-06-04 01:18:52,UTC+02:00,2025-06-03 19:45:00,2025-06-03 21:02:40,77,Ice Hockey,14.5,886.0,173,137,18,41,35,6,0,false
2025-06-03 00:49:00,2025-06-04 01:18:52,UTC+02:00,2025-06-03 15:52:30,2025-06-03 16:56:59,64,Strength Trainer,9.1,430.0,152,112,63,20,1,0,0,false
2025-06-03 00:49:00,2025-06-04 01:18:52,UTC+02:00,2025-06-03 12:57:00,2025-06-03 14:08:27,71,Ice Hockey,14.1,799.0,173,136,23,27,45,4,0,false
2025-06-02 00:36:56,2025-06-03 00:49:00,UTC+02:00,2025-06-02 15:28:30,2025-06-02 17:22:06,113,Activity,13.1,826.0,183,113,41,22,14,1,0,false
2025-06-02 00:36:56,2025-06-03 00:49:00,UTC+02:00,2025-06-02 11:04:30,2025-06-02 12:47:59,103,Tennis,14.5,1003.0,167,128,34,38,23,0,0,false
2025-05-30 00:04:28,2025-05-31 01:16:37,UTC+02:00,2025-05-30 17:54:00,2025-05-30 18:08:59,14,Walking,4.6,62.0,122,98,52,0,0,0,0,false
2025-05-30 00:04:28,2025-05-31 01:16:37,UTC+02:00,2025-05-30 15:51:00,2025-05-30 16:20:59,29,Ice Hockey,7.5,253.0,163,122,66,21,13,0,0,false
2025-05-30 00:04:28,2025-05-31 01:16:37,UTC+02:00,2025-05-30 14:58:30,2025-05-30 15:35:59,37,Activity,8.4,320.0,159,122,57,33,9,0,0,false
2025-05-30 00:04:28,2025-05-31 01:16:37,UTC+02:00,2025-05-30 08:13:30,2025-05-30 09:50:59,97,Activity,10.2,596.0,152,109,83,6,0,0,0,false
2025-05-29 00:51:02,2025-05-30 00:04:28,UTC+02:00,2025-05-29 19:58:30,2025-05-29 21:11:05,72,Ice Hockey,13.5,754.0,182,132,31,34,30,4,0,false
2025-05-29 00:51:02,2025-05-30 00:04:28,UTC+02:00,2025-05-29 15:45:00,2025-05-29 17:38:59,113,Activity,11.5,681.0,169,107,55,14,4,0,0,false
2025-05-28 00:04:21,2025-05-29 00:51:02,UTC+02:00,2025-05-28 16:33:46,2025-05-28 17:14:58,41,Spin,13.2,533.0,168,146,6,17,62,13,0,false
2025-05-28 00:04:21,2025-05-29 00:51:02,UTC+02:00,2025-05-28 11:06:00,2025-05-28 13:30:59,144,Padel,14.1,1156.0,158,119,61,30,4,0,0,false
2025-05-27 00:08:08,2025-05-28 00:04:21,UTC+02:00,2025-05-27 15:49:30,2025-05-27 17:20:59,91,Activity,10.2,556.0,164,109,62,13,3,0,0,false
2025-05-26 00:33:43,2025-05-27 00:08:08,UTC+02:00,2025-05-26 16:01:30,2025-05-26 17:32:59,91,Activity,13.6,815.0,187,124,39,26,22,3,0,false
2025-05-26 00:33:43,2025-05-27 00:08:08,UTC+02:00,2025-05-26 12:00:00,2025-05-26 12:41:59,41,Tennis,7.3,269.0,159,111,57,19,2,0,0,false
2025-05-26 00:33:43,2025-05-27 00:08:08,UTC+02:00,2025-05-26 09:33:00,2025-05-26 11:41:59,128,Tennis,14.9,1220.0,168,128,45,40,15,0,0,false
2025-05-25 00:29:48,2025-05-26 00:33:43,UTC+02:00,2025-05-25 15:00:00,2025-05-25 15:19:29,19,Hiking,5.4,123.0,145,111,94,3,0,0,0,false
2025-05-25 00:29:48,2025-05-26 00:33:43,UTC+02:00,2025-05-25 14:28:30,2025-05-25 14:43:29,14,Hiking,4.9,83.0,134,107,87,1,0,0,0,false
2025-05-25 00:29:48,2025-05-26 00:33:43,UTC+02:00,2025-05-25 12:15:30,2025-05-25 13:34:30,79,Hiking,7.5,341.0,146,99,55,3,0,0,0,false
2025-05-24 07:24:34,2025-05-25 00:29:48,UTC+02:00,2025-05-24 12:03:00,2025-05-24 14:07:29,124,Tennis,15.5,1269.0,168,132,30,43,27,0,0,false
2025-05-22 00:32:30,2025-05-23 00:57:06,UTC+02:00,2025-05-22 19:55:30,2025-05-22 20:58:29,62,Ice Hockey,12.6,616.0,177,130,33,34,23,5,0,false
2025-05-22 00:32:30,2025-05-23 00:57:06,UTC+02:00,2025-05-22 16:04:30,2025-05-22 17:40:29,95,Strength Trainer,11.2,629.0,165,112,61,17,4,0,0,false
2025-05-22 00:32:30,2025-05-23 00:57:06,UTC+02:00,2025-05-22 14:00:00,2025-05-22 15:16:55,76,Padel,11.8,651.0,160,122,51,37,6,0,0,false
2025-05-21 01:00:05,2025-05-22 00:32:30,UTC+02:00,2025-05-21 18:03:00,2025-05-21 18:35:59,32,Hiking,6.8,237.0,146,116,94,6,0,0,0,false
2025-05-21 01:00:05,2025-05-22 00:32:30,UTC+02:00,2025-05-21 17:14:39,2025-05-21 17:42:04,27,Hiking,15.2,472.0,191,169,10,1,9,9,71,false
2025-05-21 01:00:05,2025-05-22 00:32:30,UTC+02:00,2025-05-21 16:16:30,2025-05-21 16:38:59,22,Hiking,5.5,128.0,149,108,70,7,1,0,0,false
2025-05-19 23:46:58,2025-05-21 01:00:05,UTC+02:00,2025-05-20 20:00:00,2025-05-20 21:51:00,111,Ice Hockey,13.6,912.0,169,121,43,28,16,1,0,false
2025-05-19 23:46:58,2025-05-21 01:00:05,UTC+02:00,2025-05-20 14:45:00,2025-05-20 16:23:00,98,Strength Trainer,12.1,719.0,168,117,55,26,6,0,0,false
2025-05-19 23:46:58,2025-05-21 01:00:05,UTC+02:00,2025-05-20 11:04:30,2025-05-20 13:26:59,142,Padel,16.4,1442.0,166,132,26,45,27,0,0,false
2025-05-19 00:16:14,2025-05-19 23:46:58,UTC+02:00,2025-05-19 15:46:30,2025-05-19 17:22:29,95,Strength Trainer,13.9,846.0,173,124,34,27,21,5,0,false
2025-05-19 00:16:14,2025-05-19 23:46:58,UTC+02:00,2025-05-19 13:20:00,2025-05-19 13:34:00,14,Yoga,4.4,45.0,130,92,45,0,0,0,0,false
2025-05-19 00:16:14,2025-05-19 23:46:58,UTC+02:00,2025-05-19 12:28:24,2025-05-19 13:09:45,41,Walking,5.1,113.0,127,92,30,0,0,0,0,false
2025-05-18 00:37:37,2025-05-19 00:16:14,UTC+02:00,2025-05-18 13:25:30,2025-05-18 13:56:53,31,Martial Arts,5.5,139.0,148,97,54,5,0,0,0,false
2025-05-15 00:59:34,2025-05-16 00:17:48,UTC+02:00,2025-05-15 14:45:00,2025-05-15 16:20:59,95,Strength Trainer,12.2,706.0,163,117,55,20,12,0,0,false
2025-05-14 00:04:43,2025-05-15 00:59:34,UTC+02:00,2025-05-14 17:27:00,2025-05-14 17:44:59,17,Activity,5.1,97.0,139,105,69,7,0,0,0,false
2025-05-14 00:04:43,2025-05-15 00:59:34,UTC+02:00,2025-05-14 16:30:12,2025-05-14 17:11:32,41,Running,14.9,623.0,170,158,0,3,35,61,0,false
2025-05-12 23:15:38,2025-05-14 00:04:43,UTC+02:00,2025-05-13 19:57:00,2025-05-13 21:03:57,66,Ice Hockey,12.9,693.0,165,133,30,41,29,0,0,false
2025-05-12 23:15:38,2025-05-14 00:04:43,UTC+02:00,2025-05-13 16:10:30,2025-05-13 17:15:24,64,Strength Trainer,8.6,393.0,160,108,62,16,2,0,0,false
2025-05-12 23:15:38,2025-05-14 00:04:43,UTC+02:00,2025-05-13 12:15:00,2025-05-13 13:29:00,74,Yard Work/Gardening,6.0,229.0,133,87,37,0,0,0,0,false
2025-05-12 23:15:38,2025-05-14 00:04:43,UTC+02:00,2025-05-13 09:22:30,2025-05-13 10:36:43,74,Padel,9.8,509.0,149,114,69,20,0,0,0,false
2025-05-12 23:15:38,2025-05-14 00:04:43,UTC+02:00,2025-05-13 08:10:30,2025-05-13 09:07:29,56,Tennis,8.4,392.0,147,114,87,12,0,0,0,false
2025-05-11 23:54:59,2025-05-12 23:15:38,UTC+02:00,2025-05-12 15:55:30,2025-05-12 17:14:59,79,Strength Trainer,12.8,684.0,167,123,28,35,22,1,0,false
2025-05-11 23:54:59,2025-05-12 23:15:38,UTC+02:00,2025-05-12 08:12:00,2025-05-12 10:42:02,150,Padel,13.5,1097.0,161,117,74,22,1,0,0,false
2025-05-11 00:24:44,2025-05-11 23:54:59,UTC+02:00,2025-05-11 09:58:30,2025-05-11 11:05:59,67,Ice Hockey,14.5,808.0,177,142,13,27,51,9,0,false
2025-05-10 00:27:56,2025-05-11 00:24:44,UTC+02:00,2025-05-10 10:00:00,2025-05-10 11:31:29,91,Ice Hockey,14.7,912.0,179,131,25,27,33,5,0,false
2025-05-09 01:18:50,2025-05-10 00:27:56,UTC+02:00,2025-05-09 14:45:00,2025-05-09 16:15:00,90,Strength Trainer,9.1,462.0,158,103,55,11,0,0,0,false
2025-05-08 00:55:13,2025-05-09 01:18:50,UTC+02:00,2025-05-08 14:39:00,2025-05-08 16:00:54,81,Strength Trainer,10.0,488.0,166,109,56,15,4,0,0,false
2025-05-07 00:23:55,2025-05-08 00:55:13,UTC+02:00,2025-05-07 16:23:00,2025-05-07 17:20:00,57,Strength Trainer,7.4,288.0,153,102,49,14,0,0,0,false
2025-05-07 00:23:55,2025-05-08 00:55:13,UTC+02:00,2025-05-07 15:50:00,2025-05-07 16:22:39,32,Assault Bike,10.9,364.0,168,137,21,13,54,8,0,false
2025-05-06 00:08:02,2025-05-07 00:23:55,UTC+02:00,2025-05-06 19:58:30,2025-05-06 21:07:28,68,Ice Hockey,14.1,783.0,176,138,24,32,35,9,0,false
2025-05-06 00:08:02,2025-05-07 00:23:55,UTC+02:00,2025-05-06 16:00:00,2025-05-06 17:33:00,93,Strength Trainer,9.1,459.0,157,102,54,9,1,0,0,false
2025-05-06 00:08:02,2025-05-07 00:23:55,UTC+02:00,2025-05-06 08:09:00,2025-05-06 10:20:56,131,Padel,12.7,913.0,159,114,75,16,2,0,0,false
2025-05-05 00:20:29,2025-05-06 00:08:02,UTC+02:00,2025-05-05 15:57:00,2025-05-05 17:25:38,88,Strength Trainer,14.1,829.0,179,127,47,18,21,9,0,false
2025-05-05 00:20:29,2025-05-06 00:08:02,UTC+02:00,2025-05-05 12:28:30,2025-05-05 15:03:41,155,Padel,18.6,1840.0,178,141,13,27,53,6,0,false
2025-05-04 00:12:45,2025-05-05 00:20:29,UTC+02:00,2025-05-04 17:21:00,2025-05-04 18:04:29,43,Activity,9.8,383.0,170,124,44,34,17,0,0,false
2025-05-04 00:12:45,2025-05-05 00:20:29,UTC+02:00,2025-05-04 15:39:00,2025-05-04 16:49:29,70,Yard Work/Gardening,11.5,546.0,172,118,43,26,15,2,0,false
2025-05-03 00:19:26,2025-05-04 00:12:45,UTC+02:00,2025-05-03 11:01:30,2025-05-03 12:07:29,65,Hiking,7.2,307.0,130,102,74,0,0,0,0,false
2025-05-03 00:19:26,2025-05-04 00:12:45,UTC+02:00,2025-05-03 09:12:00,2025-05-03 10:04:55,52,Hiking,13.2,517.0,177,129,41,6,15,27,0,false
2025-05-02 00:00:00,2025-05-03 00:19:26,UTC+02:00,2025-05-02 17:40:30,2025-05-02 20:13:29,152,Padel,16.2,1477.0,166,129,38,44,16,0,0,false
2025-04-21 01:14:55,2025-04-22 00:15:51,UTC+02:00,2025-04-21 19:00:00,2025-04-21 19:43:29,43,Strength Trainer,5.9,179.0,150,95,53,5,0,0,0,false
2025-04-21 01:14:55,2025-04-22 00:15:51,UTC+02:00,2025-04-21 10:12:00,2025-04-21 11:43:29,91,Yard Work/Gardening,9.8,503.0,155,106,64,8,3,0,0,false
2025-04-19 23:57:35,2025-04-21 01:14:55,UTC+02:00,2025-04-20 20:27:00,2025-04-20 22:13:29,106,Padel,16.0,1201.0,167,138,17,44,38,1,0,false
2025-04-19 23:57:35,2025-04-21 01:14:55,UTC+02:00,2025-04-20 12:52:30,2025-04-20 13:55:29,62,Hiking,8.6,402.0,151,111,75,11,0,0,0,false
2025-04-19 23:57:35,2025-04-21 01:14:55,UTC+02:00,2025-04-20 11:09:00,2025-04-20 12:19:29,70,Hiking,9.0,435.0,152,110,72,11,1,0,0,false
2025-04-19 00:45:07,2025-04-19 23:57:35,UTC+02:00,2025-04-19 18:13:30,2025-04-19 20:22:29,128,Padel,14.6,1184.0,158,126,50,41,9,0,0,false
2025-04-19 00:45:07,2025-04-19 23:57:35,UTC+02:00,2025-04-19 07:45:00,2025-04-19 09:19:29,94,Ice Hockey,14.7,974.0,175,132,33,29,35,3,0,false
2025-04-17 23:26:43,2025-04-19 00:45:07,UTC+02:00,2025-04-18 18:15:00,2025-04-18 19:32:59,77,Walking,13.7,813.0,166,133,29,39,32,0,0,false
2025-04-17 23:26:43,2025-04-19 00:45:07,UTC+02:00,2025-04-18 11:43:30,2025-04-18 13:50:59,127,Strength Trainer,13.7,1005.0,169,119,58,29,7,0,0,false
2025-04-17 00:08:58,2025-04-17 23:26:43,UTC+02:00,2025-04-17 20:04:30,2025-04-17 21:04:18,59,Badminton,9.2,396.0,171,111,60,17,7,0,0,false
2025-04-17 00:08:58,2025-04-17 23:26:43,UTC+02:00,2025-04-17 08:54:00,2025-04-17 11:03:27,129,Padel,16.0,1340.0,163,133,24,53,22,0,0,false
2025-04-16 00:24:17,2025-04-17 00:08:58,UTC+02:00,2025-04-16 12:37:30,2025-04-16 12:56:59,19,Strength Trainer,5.0,92.0,140,102,65,3,0,0,0,false
2025-04-16 00:24:17,2025-04-17 00:08:58,UTC+02:00,2025-04-16 08:09:00,2025-04-16 09:58:29,109,Padel,12.8,888.0,159,120,71,28,1,0,0,false
2025-04-15 00:50:40,2025-04-16 00:24:17,UTC+02:00,2025-04-15 17:13:30,2025-04-15 17:31:29,17,Strength Trainer,4.4,54.0,131,89,40,0,0,0,0,false
2025-04-14 01:16:34,2025-04-15 00:50:40,UTC+02:00,2025-04-14 12:33:00,2025-04-14 13:27:14,54,Strength Trainer,11.3,520.0,178,129,41,37,20,1,0,false
2025-04-13 00:31:46,2025-04-14 01:16:34,UTC+02:00,2025-04-13 12:04:30,2025-04-13 13:04:29,59,Activity,9.1,414.0,160,114,65,18,4,0,0,false
2025-04-13 00:31:46,2025-04-14 01:16:34,UTC+02:00,2025-04-13 07:54:00,2025-04-13 08:35:59,41,Activity,9.3,370.0,154,124,48,43,6,0,0,false
2025-04-12 01:38:31,2025-04-13 00:31:46,UTC+02:00,2025-04-12 12:01:30,2025-04-12 14:45:17,163,Padel,17.0,1613.0,167,130,30,37,29,0,0,false
2025-04-10 23:58:58,2025-04-12 01:38:31,UTC+02:00,2025-04-11 16:37:30,2025-04-11 18:04:21,86,Inline Skating,15.7,1048.0,170,142,10,31,55,4,0,false
2025-04-10 23:58:58,2025-04-12 01:38:31,UTC+02:00,2025-04-11 11:40:00,2025-04-11 12:35:16,55,Strength Trainer,6.0,193.0,134,96,52,0,0,0,0,false
2025-04-09 01:10:29,2025-04-10 00:44:06,UTC+02:00,2025-04-09 17:34:30,2025-04-09 18:52:10,77,Yard Work/Gardening,10.0,521.0,158,113,67,18,2,0,0,false
2025-04-09 01:10:29,2025-04-10 00:44:06,UTC+02:00,2025-04-09 12:43:30,2025-04-09 15:04:39,141,Padel,17.0,1547.0,171,136,22,43,34,1,0,false
2025-04-07 23:56:23,2025-04-09 01:10:29,UTC+02:00,2025-04-08 19:57:00,2025-04-08 21:47:59,110,Ice Hockey,16.8,1270.0,173,139,22,18,50,10,0,false
2025-04-07 23:56:23,2025-04-09 01:10:29,UTC+02:00,2025-04-08 12:00:00,2025-04-08 12:48:09,48,Strength Trainer,9.5,392.0,170,121,52,29,14,0,0,false
2025-04-07 01:35:46,2025-04-07 23:56:23,UTC+02:00,2025-04-07 15:55:30,2025-04-07 18:01:10,125,Yard Work/Gardening,16.9,1340.0,177,134,27,19,40,10,0,false
2025-04-06 01:36:11,2025-04-07 01:35:46,UTC+02:00,2025-04-06 11:18:00,2025-04-06 13:03:13,105,Golf,10.0,552.0,159,100,56,9,2,0,0,false
2025-04-04 23:51:56,2025-04-06 01:36:11,UTC+02:00,2025-04-05 12:58:30,2025-04-05 15:07:29,128,Padel,16.4,1411.0,166,136,16,59,25,0,0,false
2025-04-04 00:41:23,2025-04-04 23:51:56,UTC+02:00,2025-04-04 19:04:30,2025-04-04 20:10:59,66,Walking,4.3,108.0,110,79,2,0,0,0,0,false
2025-04-04 00:41:23,2025-04-04 23:51:56,UTC+02:00,2025-04-04 11:36:00,2025-04-04 12:21:53,45,Strength Trainer,8.8,348.0,166,118,48,25,15,1,0,false
2025-04-03 00:28:21,2025-04-04 00:41:23,UTC+02:00,2025-04-03 19:12:22,2025-04-03 19:39:58,27,Running,15.3,493.0,186,173,1,0,2,39,58,false
2025-04-02 00:04:16,2025-04-03 00:28:21,UTC+02:00,2025-04-02 11:51:00,2025-04-02 12:57:06,66,Strength Trainer,6.0,208.0,135,93,40,0,0,0,0,false
2025-03-31 23:51:42,2025-04-02 00:04:16,UTC+02:00,2025-04-01 19:57:00,2025-04-01 21:08:59,71,Badminton,9.3,440.0,155,104,50,20,2,0,0,false
2025-03-31 23:51:42,2025-04-02 00:04:16,UTC+02:00,2025-04-01 09:00:00,2025-04-01 10:28:29,88,Padel,14.7,978.0,167,137,18,52,30,0,0,false
2025-03-30 23:29:00,2025-03-31 23:51:42,UTC+02:00,2025-03-31 12:24:00,2025-03-31 13:21:54,57,Strength Trainer,8.5,372.0,163,112,65,15,5,0,0,false
2025-03-30 23:29:00,2025-03-31 23:51:42,UTC+02:00,2025-03-31 11:03:00,2025-03-31 11:41:53,38,Basketball,11.7,446.0,166,139,13,29,54,2,0,false
2025-03-30 23:29:00,2025-03-31 23:51:42,UTC+02:00,2025-03-31 08:09:00,2025-03-31 09:47:24,98,Padel,14.9,1038.0,164,134,21,49,27,0,0,false
2025-03-30 01:45:27,2025-03-30 23:29:00,UTC+02:00,2025-03-30 11:39:58,2025-03-30 11:53:55,13,Walking,9.1,195.0,177,152,9,8,36,47,0,false
2025-03-30 01:45:27,2025-03-30 23:29:00,UTC+02:00,2025-03-30 11:20:00,2025-03-30 11:38:00,18,Walking,7.9,192.0,188,134,25,25,38,7,1,false
2025-03-29 01:15:12,2025-03-30 00:45:27,UTC+01:00,2025-03-29 13:00:00,2025-03-29 15:11:31,131,Padel,17.5,1542.0,169,140,13,37,46,4,0,false
2025-03-28 01:17:42,2025-03-29 01:15:12,UTC+01:00,2025-03-28 13:21:00,2025-03-28 13:43:48,22,Hot Yoga,11.7,302.0,183,148,15,19,28,35,3,false
2025-03-28 01:17:42,2025-03-29 01:15:12,UTC+01:00,2025-03-28 10:10:30,2025-03-28 11:06:54,56,Strength Trainer,8.7,387.0,162,113,68,16,3,0,0,false
2025-03-26 01:18:37,2025-03-27 01:01:18,UTC+01:00,2025-03-26 14:39:00,2025-03-26 15:35:59,56,Running,16.3,737.0,184,147,41,6,4,14,34,false
2025-03-25 01:20:58,2025-03-26 01:18:37,UTC+01:00,2025-03-25 17:00:00,2025-03-25 18:00:00,60,Badminton,11.2,476.0,168,119,32,24,19,1,0,false
2025-03-25 01:20:58,2025-03-26 01:18:37,UTC+01:00,2025-03-25 11:56:53,2025-03-25 12:41:49,44,Running,11.0,470.0,154,133,21,72,7,0,0,false
2025-03-25 01:20:58,2025-03-26 01:18:37,UTC+01:00,2025-03-25 11:09:00,2025-03-25 11:52:42,43,Strength Trainer,8.7,316.0,171,116,49,20,9,3,0,false
2025-03-24 01:30:31,2025-03-25 01:20:58,UTC+01:00,2025-03-24 17:14:00,2025-03-24 18:14:00,60,Walking,7.9,280.0,165,102,39,6,7,0,0,false
2025-03-24 01:30:31,2025-03-25 01:20:58,UTC+01:00,2025-03-24 12:40:04,2025-03-24 13:33:41,53,Spin,13.5,660.0,164,143,2,47,51,0,0,false
2025-03-21 00:40:05,2025-03-21 23:16:30,UTC+01:00,2025-03-21 12:34:30,2025-03-21 14:28:15,113,Strength Trainer,17.1,1063.0,185,128,44,11,5,11,15,false
2025-03-20 01:27:37,2025-03-21 00:40:05,UTC+01:00,2025-03-20 20:00:00,2025-03-20 21:02:59,62,Badminton,11.3,559.0,162,125,52,35,12,0,0,false
2025-03-20 01:27:37,2025-03-21 00:40:05,UTC+01:00,2025-03-20 11:37:30,2025-03-20 12:25:29,47,Strength Trainer,7.6,282.0,165,109,62,11,5,0,0,false
2025-03-18 23:48:04,2025-03-20 01:27:37,UTC+01:00,2025-03-19 11:27:00,2025-03-19 12:08:59,41,Activity,5.6,154.0,148,97,47,1,0,0,0,false
2025-03-18 23:48:04,2025-03-20 01:27:37,UTC+01:00,2025-03-19 08:51:00,2025-03-19 10:01:29,70,Activity,10.0,520.0,148,117,79,19,0,0,0,false
2025-03-18 00:44:14,2025-03-18 23:48:04,UTC+01:00,2025-03-18 11:34:08,2025-03-18 11:54:11,20,Running,9.5,256.0,163,146,7,29,63,1,0,false
2025-03-18 00:44:14,2025-03-18 23:48:04,UTC+01:00,2025-03-18 10:43:30,2025-03-18 10:51:19,7,Strength Trainer,4.8,64.0,137,122,83,14,0,0,0,false
2025-03-17 00:15:59,2025-03-18 00:44:14,UTC+01:00,2025-03-17 12:01:09,2025-03-17 13:28:13,87,Strength Trainer,13.0,733.0,167,123,38,29,19,1,0,false
2025-03-14 00:14:51,2025-03-15 00:59:08,UTC+01:00,2025-03-14 12:20:55,2025-03-14 13:25:51,64,Strength Trainer,12.8,670.0,174,133,25,47,22,6,0,false
2025-03-13 00:39:48,2025-03-14 00:14:51,UTC+01:00,2025-03-13 12:03:47,2025-03-13 12:32:28,28,Swimming,11.9,376.0,178,147,7,11,59,23,0,false
2025-03-12 00:01:17,2025-03-13 00:39:48,UTC+01:00,2025-03-12 12:06:00,2025-03-12 12:49:29,43,Strength Trainer,7.6,264.0,168,109,62,11,7,1,0,false
2025-03-11 00:45:27,2025-03-12 00:01:17,UTC+01:00,2025-03-11 12:16:30,2025-03-11 13:10:29,53,Strength Trainer,9.3,406.0,163,117,64,23,8,0,0,false
2025-03-07 23:52:02,2025-03-09 06:04:07,UTC+01:00,2025-03-08 21:12:00,2025-03-08 21:56:59,44,Activity,14.5,551.0,205,142,27,6,17,23,22,false
2025-03-07 23:52:02,2025-03-09 06:04:07,UTC+01:00,2025-03-08 12:15:00,2025-03-08 13:04:29,49,Activity,7.2,274.0,152,106,76,6,1,0,0,false
2025-03-06 23:33:14,2025-03-07 23:52:02,UTC+01:00,2025-03-07 14:54:00,2025-03-07 15:16:29,22,Spin,7.4,182.0,167,126,33,25,17,3,0,false
